symbol,timestamp,open,high,low,close,volume,amount,source_freq
601398.SH,2026-06-15 09:35:00,7.75,7.75,7.68,7.7,32359258,249275833.0,5min
601398.SH,2026-06-15 09:40:00,7.7,7.74,7.7,7.7,15046700,116179244.0,5min
601398.SH,2026-06-15 09:45:00,7.7,7.72,7.69,7.7,14278400,110018440.0,5min
601398.SH,2026-06-15 09:50:00,7.69,7.7,7.66,7.67,22408954,172126663.0,5min
601398.SH,2026-06-15 09:55:00,7.66,7.69,7.65,7.66,24482600,187590775.0,5min
601398.SH,2026-06-15 10:00:00,7.66,7.69,7.66,7.69,10874490,83426867.0,5min
601398.SH,2026-06-15 10:05:00,7.69,7.69,7.65,7.66,7400510,56775882.0,5min
601398.SH,2026-06-15 10:10:00,7.65,7.66,7.63,7.64,13510522,103251364.0,5min
601398.SH,2026-06-15 10:15:00,7.64,7.67,7.64,7.66,13258400,101497853.0,5min
601398.SH,2026-06-15 10:20:00,7.66,7.67,7.61,7.62,15979300,121996485.0,5min
601398.SH,2026-06-15 10:25:00,7.61,7.63,7.61,7.63,12205300,92971681.0,5min
601398.SH,2026-06-15 10:30:00,7.63,7.64,7.61,7.62,9565215,72890978.0,5min
601398.SH,2026-06-15 10:35:00,7.63,7.64,7.61,7.61,8459772,64498542.0,5min
601398.SH,2026-06-15 10:40:00,7.62,7.62,7.59,7.61,15261178,115977795.0,5min
601398.SH,2026-06-15 10:45:00,7.61,7.64,7.6,7.63,6044000,46044688.0,5min
601398.SH,2026-06-15 10:50:00,7.63,7.64,7.61,7.62,6697000,51009143.0,5min
601398.SH,2026-06-15 10:55:00,7.62,7.62,7.6,7.62,4122000,31369895.0,5min
601398.SH,2026-06-15 11:00:00,7.61,7.62,7.59,7.6,4564900,34712162.0,5min
601398.SH,2026-06-15 11:05:00,7.6,7.6,7.58,7.59,8455772,64150525.0,5min
601398.SH,2026-06-15 11:10:00,7.59,7.6,7.59,7.6,3441900,26148436.0,5min
601398.SH,2026-06-15 11:15:00,7.6,7.6,7.58,7.6,5057900,38394946.0,5min
601398.SH,2026-06-15 11:20:00,7.59,7.6,7.58,7.6,5239000,39767043.0,5min
601398.SH,2026-06-15 11:25:00,7.59,7.6,7.58,7.6,4392300,33330947.0,5min
601398.SH,2026-06-15 11:30:00,7.6,7.61,7.59,7.6,4041754,30703196.0,5min
601398.SH,2026-06-15 13:05:00,7.6,7.6,7.57,7.57,9375428,71105567.0,5min
601398.SH,2026-06-15 13:10:00,7.58,7.58,7.56,7.56,5422800,41026278.0,5min
601398.SH,2026-06-15 13:15:00,7.57,7.58,7.55,7.57,8347000,63151212.0,5min
601398.SH,2026-06-15 13:20:00,7.57,7.57,7.55,7.56,6289000,47539540.0,5min
601398.SH,2026-06-15 13:25:00,7.57,7.57,7.55,7.55,5408700,40883212.0,5min
601398.SH,2026-06-15 13:30:00,7.56,7.57,7.55,7.56,5829100,44050427.0,5min
601398.SH,2026-06-15 13:35:00,7.56,7.57,7.55,7.56,4435791,33534145.0,5min
601398.SH,2026-06-15 13:40:00,7.57,7.6,7.56,7.59,4560400,34546694.0,5min
601398.SH,2026-06-15 13:45:00,7.59,7.6,7.57,7.59,5211800,39532709.0,5min
601398.SH,2026-06-15 13:50:00,7.58,7.59,7.58,7.58,2906500,22039036.0,5min
601398.SH,2026-06-15 13:55:00,7.59,7.59,7.58,7.59,4837200,36685108.0,5min
601398.SH,2026-06-15 14:00:00,7.59,7.59,7.57,7.57,5816400,44078983.0,5min
601398.SH,2026-06-15 14:05:00,7.58,7.59,7.57,7.58,6459500,48928075.0,5min
601398.SH,2026-06-15 14:10:00,7.58,7.58,7.56,7.57,5143301,38939877.0,5min
601398.SH,2026-06-15 14:15:00,7.57,7.58,7.56,7.57,2696001,20398251.0,5min
601398.SH,2026-06-15 14:20:00,7.56,7.57,7.55,7.55,6789200,51330894.0,5min
601398.SH,2026-06-15 14:25:00,7.55,7.56,7.54,7.55,13843209,104495337.0,5min
601398.SH,2026-06-15 14:30:00,7.54,7.55,7.53,7.53,13528206,101999428.0,5min
601398.SH,2026-06-15 14:35:00,7.54,7.56,7.54,7.56,13758201,103831445.0,5min
601398.SH,2026-06-15 14:40:00,7.56,7.56,7.54,7.56,10875627,82065231.0,5min
601398.SH,2026-06-15 14:45:00,7.55,7.57,7.55,7.57,8294295,62697006.0,5min
601398.SH,2026-06-15 14:50:00,7.56,7.57,7.56,7.57,7704600,58274241.0,5min
601398.SH,2026-06-15 14:55:00,7.57,7.57,7.55,7.56,14548328,110010758.0,5min
601398.SH,2026-06-15 15:00:00,7.56,7.57,7.56,7.57,11478490,86858724.0,5min
601398.SH,2026-06-16 09:35:00,7.53,7.53,7.51,7.52,27224831,204733138.0,5min
601398.SH,2026-06-16 09:40:00,7.51,7.53,7.5,7.52,12872500,96746937.0,5min
601398.SH,2026-06-16 09:45:00,7.52,7.52,7.47,7.47,23150298,173388878.0,5min
601398.SH,2026-06-16 09:50:00,7.47,7.48,7.43,7.43,22869601,170404923.0,5min
601398.SH,2026-06-16 09:55:00,7.43,7.43,7.4,7.43,20070885,148886390.0,5min
601398.SH,2026-06-16 10:00:00,7.43,7.44,7.41,7.44,10443215,77515921.0,5min
601398.SH,2026-06-16 10:05:00,7.44,7.48,7.44,7.48,9852900,73492307.0,5min
601398.SH,2026-06-16 10:10:00,7.48,7.5,7.47,7.47,10676500,79908338.0,5min
601398.SH,2026-06-16 10:15:00,7.47,7.48,7.46,7.47,5158910,38517872.0,5min
601398.SH,2026-06-16 10:20:00,7.46,7.47,7.43,7.44,9414290,70130444.0,5min
601398.SH,2026-06-16 10:25:00,7.44,7.45,7.43,7.44,3798951,28257690.0,5min
601398.SH,2026-06-16 10:30:00,7.44,7.45,7.44,7.44,5195700,38696883.0,5min
601398.SH,2026-06-16 10:35:00,7.45,7.46,7.44,7.46,3878200,28902151.0,5min
601398.SH,2026-06-16 10:40:00,7.46,7.46,7.43,7.43,5969000,44402773.0,5min
601398.SH,2026-06-16 10:45:00,7.43,7.44,7.42,7.44,5193600,38600214.0,5min
601398.SH,2026-06-16 10:50:00,7.44,7.44,7.42,7.42,4302400,31966287.0,5min
601398.SH,2026-06-16 10:55:00,7.42,7.45,7.42,7.45,8931000,66406323.0,5min
601398.SH,2026-06-16 11:00:00,7.45,7.45,7.42,7.44,6716538,49876348.0,5min
601398.SH,2026-06-16 11:05:00,7.44,7.44,7.43,7.44,2597900,19308369.0,5min
601398.SH,2026-06-16 11:10:00,7.43,7.44,7.43,7.44,3433200,25515268.0,5min
601398.SH,2026-06-16 11:15:00,7.44,7.44,7.42,7.43,4794200,35619524.0,5min
601398.SH,2026-06-16 11:20:00,7.42,7.43,7.41,7.42,3583100,26588701.0,5min
601398.SH,2026-06-16 11:25:00,7.42,7.43,7.42,7.43,2305200,17108829.0,5min
601398.SH,2026-06-16 11:30:00,7.43,7.43,7.41,7.42,2934800,21785660.0,5min
601398.SH,2026-06-16 13:05:00,7.42,7.44,7.41,7.42,7187100,53367373.0,5min
601398.SH,2026-06-16 13:10:00,7.42,7.42,7.38,7.38,26304100,194649509.0,5min
601398.SH,2026-06-16 13:15:00,7.39,7.39,7.38,7.38,5310300,39212313.0,5min
601398.SH,2026-06-16 13:20:00,7.38,7.42,7.38,7.42,20538100,151980012.0,5min
601398.SH,2026-06-16 13:25:00,7.42,7.42,7.4,7.41,5819300,43125028.0,5min
601398.SH,2026-06-16 13:30:00,7.42,7.42,7.4,7.4,8571754,63468534.0,5min
601398.SH,2026-06-16 13:35:00,7.4,7.41,7.39,7.39,2906377,21496975.0,5min
601398.SH,2026-06-16 13:40:00,7.4,7.41,7.39,7.41,4372400,32343442.0,5min
601398.SH,2026-06-16 13:45:00,7.4,7.42,7.4,7.41,3820200,28305344.0,5min
601398.SH,2026-06-16 13:50:00,7.4,7.41,7.4,7.4,4119900,30498935.0,5min
601398.SH,2026-06-16 13:55:00,7.4,7.41,7.39,7.41,2274700,16832080.0,5min
601398.SH,2026-06-16 14:00:00,7.41,7.41,7.39,7.4,3620100,26782984.0,5min
601398.SH,2026-06-16 14:05:00,7.4,7.4,7.39,7.39,2814200,20806220.0,5min
601398.SH,2026-06-16 14:10:00,7.39,7.41,7.39,7.4,5653600,41827496.0,5min
601398.SH,2026-06-16 14:15:00,7.4,7.41,7.39,7.39,3364300,24882140.0,5min
601398.SH,2026-06-16 14:20:00,7.4,7.41,7.39,7.41,5718500,42310914.0,5min
601398.SH,2026-06-16 14:25:00,7.4,7.41,7.4,7.4,3836400,28400524.0,5min
601398.SH,2026-06-16 14:30:00,7.41,7.41,7.4,7.41,2171500,16078905.0,5min
601398.SH,2026-06-16 14:35:00,7.41,7.41,7.4,7.41,6662200,49341601.0,5min
601398.SH,2026-06-16 14:40:00,7.41,7.42,7.41,7.41,4285900,31772558.0,5min
601398.SH,2026-06-16 14:45:00,7.42,7.42,7.41,7.42,4618319,34241340.0,5min
601398.SH,2026-06-16 14:50:00,7.42,7.42,7.41,7.42,5227700,38757509.0,5min
601398.SH,2026-06-16 14:55:00,7.41,7.42,7.4,7.41,9990100,74044017.0,5min
601398.SH,2026-06-16 15:00:00,7.41,7.42,7.41,7.42,7501900,55648446.0,5min
601398.SH,2026-06-17 09:35:00,7.42,7.47,7.42,7.45,34975200,260521264.0,5min
601398.SH,2026-06-17 09:40:00,7.45,7.48,7.42,7.45,23556100,175403792.0,5min
601398.SH,2026-06-17 09:45:00,7.44,7.46,7.43,7.43,5223800,38897280.0,5min
601398.SH,2026-06-17 09:50:00,7.43,7.44,7.4,7.41,7845500,58199904.0,5min
601398.SH,2026-06-17 09:55:00,7.41,7.41,7.4,7.41,3582800,26536350.0,5min
601398.SH,2026-06-17 10:00:00,7.41,7.41,7.4,7.41,5342200,39553347.0,5min
601398.SH,2026-06-17 10:05:00,7.42,7.42,7.39,7.4,4041600,29908742.0,5min
601398.SH,2026-06-17 10:10:00,7.39,7.4,7.38,7.39,6225000,46003263.0,5min
601398.SH,2026-06-17 10:15:00,7.39,7.39,7.38,7.38,2482200,18326836.0,5min
601398.SH,2026-06-17 10:20:00,7.38,7.39,7.37,7.39,9189400,67797512.0,5min
601398.SH,2026-06-17 10:25:00,7.39,7.41,7.38,7.4,5785700,42763135.0,5min
601398.SH,2026-06-17 10:30:00,7.4,7.42,7.4,7.4,3368500,24955141.0,5min
601398.SH,2026-06-17 10:35:00,7.4,7.41,7.39,7.4,4017600,29710134.0,5min
601398.SH,2026-06-17 10:40:00,7.39,7.41,7.38,7.4,4908100,36271940.0,5min
601398.SH,2026-06-17 10:45:00,7.4,7.41,7.39,7.39,2290300,16950712.0,5min
601398.SH,2026-06-17 10:50:00,7.39,7.41,7.38,7.38,2649800,19591304.0,5min
601398.SH,2026-06-17 10:55:00,7.39,7.4,7.38,7.39,1948200,14394172.0,5min
601398.SH,2026-06-17 11:00:00,7.4,7.4,7.38,7.39,2253700,16654332.0,5min
601398.SH,2026-06-17 11:05:00,7.39,7.39,7.37,7.38,3801900,28060034.0,5min
601398.SH,2026-06-17 11:10:00,7.38,7.39,7.37,7.37,1372000,10124040.0,5min
601398.SH,2026-06-17 11:15:00,7.37,7.38,7.37,7.38,1414100,10428994.0,5min
601398.SH,2026-06-17 11:20:00,7.37,7.4,7.37,7.39,5134100,37922685.0,5min
601398.SH,2026-06-17 11:25:00,7.39,7.39,7.37,7.37,3765900,27796796.0,5min
601398.SH,2026-06-17 11:30:00,7.38,7.39,7.37,7.37,2239800,16519807.0,5min
601398.SH,2026-06-17 13:05:00,7.38,7.39,7.37,7.39,3835300,28307968.0,5min
601398.SH,2026-06-17 13:10:00,7.39,7.39,7.37,7.38,5914000,43638278.0,5min
601398.SH,2026-06-17 13:15:00,7.38,7.39,7.37,7.38,2571100,18974466.0,5min
601398.SH,2026-06-17 13:20:00,7.38,7.39,7.37,7.38,2309800,17049471.0,5min
601398.SH,2026-06-17 13:25:00,7.37,7.38,7.37,7.37,2696100,19881601.0,5min
601398.SH,2026-06-17 13:30:00,7.37,7.37,7.36,7.37,6079500,44797562.0,5min
601398.SH,2026-06-17 13:35:00,7.37,7.37,7.35,7.36,11989500,88216450.0,5min
601398.SH,2026-06-17 13:40:00,7.35,7.36,7.34,7.35,13775900,101229056.0,5min
601398.SH,2026-06-17 13:45:00,7.35,7.36,7.34,7.36,4877500,35874944.0,5min
601398.SH,2026-06-17 13:50:00,7.36,7.37,7.35,7.36,5183300,38147456.0,5min
601398.SH,2026-06-17 13:55:00,7.36,7.37,7.36,7.36,3868600,28479613.0,5min
601398.SH,2026-06-17 14:00:00,7.36,7.37,7.35,7.35,4487800,33042819.0,5min
601398.SH,2026-06-17 14:05:00,7.36,7.36,7.35,7.36,1735300,12760576.0,5min
601398.SH,2026-06-17 14:10:00,7.36,7.37,7.34,7.36,8867900,65217798.0,5min
601398.SH,2026-06-17 14:15:00,7.36,7.36,7.35,7.36,3942200,28981114.0,5min
601398.SH,2026-06-17 14:20:00,7.36,7.36,7.34,7.34,3826000,28110848.0,5min
601398.SH,2026-06-17 14:25:00,7.35,7.35,7.34,7.34,2179400,16007296.0,5min
601398.SH,2026-06-17 14:30:00,7.35,7.35,7.33,7.33,11996000,88016512.0,5min
601398.SH,2026-06-17 14:35:00,7.33,7.34,7.32,7.34,10633500,77950720.0,5min
601398.SH,2026-06-17 14:40:00,7.34,7.35,7.33,7.34,5551200,40741888.0,5min
601398.SH,2026-06-17 14:45:00,7.33,7.35,7.33,7.34,7185800,52728192.0,5min
601398.SH,2026-06-17 14:50:00,7.35,7.35,7.34,7.35,6648000,48831488.0,5min
601398.SH,2026-06-17 14:55:00,7.34,7.36,7.34,7.36,7910500,58162048.0,5min
601398.SH,2026-06-17 15:00:00,7.36,7.37,7.35,7.36,7897600,58113408.0,5min
601398.SH,2026-06-18 09:35:00,7.34,7.35,7.29,7.3,23659900,173030184.0,5min
601398.SH,2026-06-18 09:40:00,7.29,7.3,7.26,7.28,26302700,191400118.0,5min
601398.SH,2026-06-18 09:45:00,7.28,7.3,7.27,7.29,12244600,89189942.0,5min
601398.SH,2026-06-18 09:50:00,7.3,7.3,7.26,7.27,8644400,62943086.0,5min
601398.SH,2026-06-18 09:55:00,7.26,7.27,7.24,7.25,20477800,148487779.0,5min
601398.SH,2026-06-18 10:00:00,7.24,7.25,7.22,7.23,12977600,93870211.0,5min
601398.SH,2026-06-18 10:05:00,7.22,7.23,7.21,7.22,20262000,146268326.0,5min
601398.SH,2026-06-18 10:10:00,7.21,7.23,7.21,7.22,10084400,72793094.0,5min
601398.SH,2026-06-18 10:15:00,7.22,7.24,7.22,7.22,10095600,72977955.0,5min
601398.SH,2026-06-18 10:20:00,7.21,7.23,7.21,7.23,7972600,57565848.0,5min
601398.SH,2026-06-18 10:25:00,7.22,7.23,7.21,7.22,10034500,72422113.0,5min
601398.SH,2026-06-18 10:30:00,7.21,7.21,7.2,7.21,14417000,103914425.0,5min
601398.SH,2026-06-18 10:35:00,7.2,7.21,7.18,7.19,26617700,191553591.0,5min
601398.SH,2026-06-18 10:40:00,7.2,7.2,7.18,7.2,6573900,47269758.0,5min
601398.SH,2026-06-18 10:45:00,7.2,7.21,7.19,7.2,6317000,45497324.0,5min
601398.SH,2026-06-18 10:50:00,7.2,7.2,7.19,7.2,3004200,21620571.0,5min
601398.SH,2026-06-18 10:55:00,7.2,7.2,7.19,7.2,3878400,27896241.0,5min
601398.SH,2026-06-18 11:00:00,7.2,7.21,7.19,7.21,5896200,42439848.0,5min
601398.SH,2026-06-18 11:05:00,7.2,7.21,7.19,7.2,3921200,28227730.0,5min
601398.SH,2026-06-18 11:10:00,7.2,7.2,7.17,7.17,22896300,164441476.0,5min
601398.SH,2026-06-18 11:15:00,7.17,7.18,7.17,7.18,11766400,84388402.0,5min
601398.SH,2026-06-18 11:20:00,7.18,7.18,7.17,7.18,3219300,23096447.0,5min
601398.SH,2026-06-18 11:25:00,7.18,7.18,7.17,7.17,2618600,18792963.0,5min
601398.SH,2026-06-18 11:30:00,7.18,7.18,7.17,7.18,2698100,19361312.0,5min
601398.SH,2026-06-18 13:05:00,7.18,7.19,7.17,7.18,8549905,61371300.0,5min
601398.SH,2026-06-18 13:10:00,7.17,7.18,7.17,7.18,3165600,22712075.0,5min
601398.SH,2026-06-18 13:15:00,7.18,7.18,7.16,7.16,9282795,66582394.0,5min
601398.SH,2026-06-18 13:20:00,7.17,7.17,7.16,7.17,3448200,24706317.0,5min
601398.SH,2026-06-18 13:25:00,7.17,7.17,7.16,7.17,4534800,32501364.0,5min
601398.SH,2026-06-18 13:30:00,7.17,7.17,7.16,7.17,4122258,29540648.0,5min
601398.SH,2026-06-18 13:35:00,7.17,7.18,7.16,7.17,9532000,68305065.0,5min
601398.SH,2026-06-18 13:40:00,7.17,7.18,7.17,7.18,3269200,23457432.0,5min
601398.SH,2026-06-18 13:45:00,7.18,7.18,7.17,7.17,4518700,32411200.0,5min
601398.SH,2026-06-18 13:50:00,7.18,7.18,7.17,7.17,3445890,24726904.0,5min
601398.SH,2026-06-18 13:55:00,7.18,7.18,7.17,7.18,3564000,25571861.0,5min
601398.SH,2026-06-18 14:00:00,7.17,7.18,7.16,7.16,7434810,53308185.0,5min
601398.SH,2026-06-18 14:05:00,7.16,7.17,7.16,7.17,10861300,77788878.0,5min
601398.SH,2026-06-18 14:10:00,7.17,7.17,7.15,7.16,8373942,59955642.0,5min
601398.SH,2026-06-18 14:15:00,7.15,7.16,7.15,7.16,3287446,23519943.0,5min
601398.SH,2026-06-18 14:20:00,7.16,7.16,7.15,7.15,3997400,28603710.0,5min
601398.SH,2026-06-18 14:25:00,7.15,7.16,7.15,7.16,4209900,30119721.0,5min
601398.SH,2026-06-18 14:30:00,7.16,7.16,7.15,7.16,6359200,45493998.0,5min
601398.SH,2026-06-18 14:35:00,7.16,7.16,7.15,7.16,4388200,31400595.0,5min
601398.SH,2026-06-18 14:40:00,7.16,7.16,7.15,7.16,13271600,95004882.0,5min
601398.SH,2026-06-18 14:45:00,7.16,7.17,7.15,7.16,7310700,52367625.0,5min
601398.SH,2026-06-18 14:50:00,7.16,7.17,7.15,7.17,12990300,93036996.0,5min
601398.SH,2026-06-18 14:55:00,7.16,7.17,7.16,7.17,12039600,86265683.0,5min
601398.SH,2026-06-18 15:00:00,7.16,7.18,7.16,7.16,22428600,160641296.0,5min
601398.SH,2026-06-22 09:35:00,7.13,7.15,7.08,7.15,35035759,249270935.0,5min
601398.SH,2026-06-22 09:40:00,7.14,7.16,7.14,7.15,10290600,73637115.0,5min
601398.SH,2026-06-22 09:45:00,7.16,7.17,7.15,7.16,15341800,109877841.0,5min
601398.SH,2026-06-22 09:50:00,7.16,7.18,7.15,7.15,17992300,128917095.0,5min
601398.SH,2026-06-22 09:55:00,7.15,7.17,7.15,7.15,8675499,62070706.0,5min
601398.SH,2026-06-22 10:00:00,7.16,7.17,7.14,7.17,11796000,84359012.0,5min
601398.SH,2026-06-22 10:05:00,7.17,7.17,7.14,7.15,6781240,48497641.0,5min
601398.SH,2026-06-22 10:10:00,7.16,7.17,7.14,7.15,6778600,48488209.0,5min
601398.SH,2026-06-22 10:15:00,7.15,7.15,7.14,7.15,4572000,32683686.0,5min
601398.SH,2026-06-22 10:20:00,7.15,7.18,7.14,7.17,19959566,143015818.0,5min
601398.SH,2026-06-22 10:25:00,7.17,7.17,7.15,7.15,8320100,59605073.0,5min
601398.SH,2026-06-22 10:30:00,7.16,7.18,7.15,7.18,5948307,42637610.0,5min
601398.SH,2026-06-22 10:35:00,7.18,7.2,7.17,7.2,14275300,102535617.0,5min
601398.SH,2026-06-22 10:40:00,7.19,7.19,7.17,7.18,5741100,41228599.0,5min
601398.SH,2026-06-22 10:45:00,7.18,7.2,7.17,7.2,5973500,42961315.0,5min
601398.SH,2026-06-22 10:50:00,7.2,7.22,7.2,7.21,15988509,115250159.0,5min
601398.SH,2026-06-22 10:55:00,7.21,7.25,7.21,7.24,13221000,95585640.0,5min
601398.SH,2026-06-22 11:00:00,7.24,7.25,7.22,7.25,22683900,164165055.0,5min
601398.SH,2026-06-22 11:05:00,7.24,7.25,7.22,7.23,11263100,81460774.0,5min
601398.SH,2026-06-22 11:10:00,7.24,7.24,7.21,7.24,7246700,52384129.0,5min
601398.SH,2026-06-22 11:15:00,7.24,7.24,7.22,7.23,7242200,52379963.0,5min
601398.SH,2026-06-22 11:20:00,7.23,7.23,7.2,7.2,6893400,49719701.0,5min
601398.SH,2026-06-22 11:25:00,7.21,7.23,7.2,7.21,7526892,54349045.0,5min
601398.SH,2026-06-22 11:30:00,7.21,7.21,7.19,7.2,6360400,45770397.0,5min
601398.SH,2026-06-22 13:05:00,7.2,7.2,7.18,7.2,7766110,55852792.0,5min
601398.SH,2026-06-22 13:10:00,7.2,7.2,7.18,7.18,3374186,24245072.0,5min
601398.SH,2026-06-22 13:15:00,7.19,7.2,7.18,7.18,5806500,41743064.0,5min
601398.SH,2026-06-22 13:20:00,7.18,7.22,7.18,7.21,7289968,52544290.0,5min
601398.SH,2026-06-22 13:25:00,7.21,7.23,7.21,7.23,4266268,30796616.0,5min
601398.SH,2026-06-22 13:30:00,7.23,7.25,7.22,7.24,10659600,77146520.0,5min
601398.SH,2026-06-22 13:35:00,7.23,7.24,7.21,7.22,12300800,89020025.0,5min
601398.SH,2026-06-22 13:40:00,7.21,7.23,7.2,7.2,4665400,33668792.0,5min
601398.SH,2026-06-22 13:45:00,7.2,7.21,7.19,7.2,4871100,35082097.0,5min
601398.SH,2026-06-22 13:50:00,7.2,7.2,7.18,7.19,6282400,45186381.0,5min
601398.SH,2026-06-22 13:55:00,7.18,7.2,7.18,7.19,5666500,40737951.0,5min
601398.SH,2026-06-22 14:00:00,7.19,7.19,7.18,7.19,3296568,23693594.0,5min
601398.SH,2026-06-22 14:05:00,7.19,7.2,7.18,7.2,5187200,37307151.0,5min
601398.SH,2026-06-22 14:10:00,7.2,7.2,7.18,7.2,5741300,41298826.0,5min
601398.SH,2026-06-22 14:15:00,7.2,7.21,7.19,7.2,5808400,41814201.0,5min
601398.SH,2026-06-22 14:20:00,7.2,7.21,7.19,7.2,5355000,38560712.0,5min
601398.SH,2026-06-22 14:25:00,7.2,7.2,7.19,7.2,3544500,25505654.0,5min
601398.SH,2026-06-22 14:30:00,7.19,7.2,7.19,7.19,4119700,29636046.0,5min
601398.SH,2026-06-22 14:35:00,7.2,7.2,7.18,7.19,7845700,56414924.0,5min
601398.SH,2026-06-22 14:40:00,7.19,7.2,7.19,7.2,3624500,26078762.0,5min
601398.SH,2026-06-22 14:45:00,7.19,7.2,7.19,7.2,7113723,51199658.0,5min
601398.SH,2026-06-22 14:50:00,7.19,7.21,7.19,7.2,7474500,53795915.0,5min
601398.SH,2026-06-22 14:55:00,7.2,7.21,7.19,7.2,9541900,68694622.0,5min
601398.SH,2026-06-22 15:00:00,7.2,7.21,7.19,7.2,8991885,64731549.0,5min
601398.SH,2026-06-23 09:35:00,7.21,7.3,7.21,7.29,41920545,304535603.0,5min
601398.SH,2026-06-23 09:40:00,7.28,7.3,7.28,7.3,18574800,135482839.0,5min
601398.SH,2026-06-23 09:45:00,7.3,7.33,7.27,7.32,29369500,214327276.0,5min
601398.SH,2026-06-23 09:50:00,7.32,7.37,7.32,7.35,32246331,236957981.0,5min
601398.SH,2026-06-23 09:55:00,7.35,7.39,7.35,7.38,31290858,230775762.0,5min
601398.SH,2026-06-23 10:00:00,7.37,7.39,7.35,7.35,12827609,94576768.0,5min
601398.SH,2026-06-23 10:05:00,7.36,7.37,7.34,7.34,14778936,108763610.0,5min
601398.SH,2026-06-23 10:10:00,7.34,7.36,7.33,7.33,10278200,75500430.0,5min
601398.SH,2026-06-23 10:15:00,7.34,7.34,7.31,7.31,9528500,69791553.0,5min
601398.SH,2026-06-23 10:20:00,7.32,7.33,7.31,7.31,8549500,62565623.0,5min
601398.SH,2026-06-23 10:25:00,7.32,7.32,7.28,7.28,11308700,82453571.0,5min
601398.SH,2026-06-23 10:30:00,7.29,7.3,7.29,7.3,8193800,59752438.0,5min
601398.SH,2026-06-23 10:35:00,7.29,7.33,7.29,7.33,8696300,63535484.0,5min
601398.SH,2026-06-23 10:40:00,7.32,7.34,7.31,7.33,6150780,45073707.0,5min
601398.SH,2026-06-23 10:45:00,7.33,7.35,7.32,7.34,10251318,75199040.0,5min
601398.SH,2026-06-23 10:50:00,7.34,7.37,7.33,7.37,11756000,86460240.0,5min
601398.SH,2026-06-23 10:55:00,7.36,7.37,7.35,7.35,6493700,47776432.0,5min
601398.SH,2026-06-23 11:00:00,7.35,7.37,7.34,7.35,5555300,40859579.0,5min
601398.SH,2026-06-23 11:05:00,7.36,7.37,7.35,7.35,4635600,34118481.0,5min
601398.SH,2026-06-23 11:10:00,7.35,7.36,7.33,7.35,5157909,37872569.0,5min
601398.SH,2026-06-23 11:15:00,7.35,7.36,7.34,7.34,5502800,40412132.0,5min
601398.SH,2026-06-23 11:20:00,7.35,7.36,7.35,7.35,7876600,57931034.0,5min
601398.SH,2026-06-23 11:25:00,7.35,7.37,7.35,7.37,6389799,47039210.0,5min
601398.SH,2026-06-23 11:30:00,7.37,7.38,7.36,7.38,9226529,68043992.0,5min
601398.SH,2026-06-23 13:05:00,7.37,7.41,7.36,7.4,36281129,268259057.0,5min
601398.SH,2026-06-23 13:10:00,7.4,7.4,7.38,7.39,5069145,37475522.0,5min
601398.SH,2026-06-23 13:15:00,7.39,7.4,7.38,7.38,3808100,28145702.0,5min
601398.SH,2026-06-23 13:20:00,7.39,7.4,7.38,7.4,6016795,44477260.0,5min
601398.SH,2026-06-23 13:25:00,7.39,7.39,7.37,7.37,3151705,23266613.0,5min
601398.SH,2026-06-23 13:30:00,7.37,7.4,7.37,7.39,5570080,41138187.0,5min
601398.SH,2026-06-23 13:35:00,7.4,7.41,7.39,7.39,10574100,78244710.0,5min
601398.SH,2026-06-23 13:40:00,7.39,7.41,7.39,7.4,8561229,63374144.0,5min
601398.SH,2026-06-23 13:45:00,7.41,7.41,7.39,7.39,6656752,49242757.0,5min
601398.SH,2026-06-23 13:50:00,7.39,7.39,7.37,7.39,6035200,44535993.0,5min
601398.SH,2026-06-23 13:55:00,7.38,7.39,7.37,7.38,3760501,27757601.0,5min
601398.SH,2026-06-23 14:00:00,7.38,7.39,7.37,7.38,3463000,25551650.0,5min
601398.SH,2026-06-23 14:05:00,7.37,7.38,7.34,7.35,11721700,86247398.0,5min
601398.SH,2026-06-23 14:10:00,7.36,7.36,7.35,7.35,5011900,36848033.0,5min
601398.SH,2026-06-23 14:15:00,7.35,7.36,7.35,7.35,6382400,46936655.0,5min
601398.SH,2026-06-23 14:20:00,7.36,7.36,7.34,7.36,7046500,51798656.0,5min
601398.SH,2026-06-23 14:25:00,7.35,7.37,7.35,7.37,7010186,51597748.0,5min
601398.SH,2026-06-23 14:30:00,7.37,7.38,7.34,7.34,24134371,177696664.0,5min
601398.SH,2026-06-23 14:35:00,7.35,7.36,7.34,7.35,9110025,66965062.0,5min
601398.SH,2026-06-23 14:40:00,7.36,7.37,7.34,7.37,8766800,64468410.0,5min
601398.SH,2026-06-23 14:45:00,7.37,7.39,7.36,7.39,14736200,108677053.0,5min
601398.SH,2026-06-23 14:50:00,7.38,7.39,7.37,7.38,9921000,73218735.0,5min
601398.SH,2026-06-23 14:55:00,7.38,7.38,7.36,7.37,12437500,91699613.0,5min
601398.SH,2026-06-23 15:00:00,7.36,7.38,7.36,7.38,6303100,46460958.0,5min
601398.SH,2026-06-24 09:35:00,7.4,7.4,7.31,7.37,25622500,188731634.0,5min
601398.SH,2026-06-24 09:40:00,7.36,7.38,7.34,7.37,13652600,100534381.0,5min
601398.SH,2026-06-24 09:45:00,7.37,7.44,7.37,7.44,18498854,136890465.0,5min
601398.SH,2026-06-24 09:50:00,7.43,7.46,7.4,7.41,18260900,135854109.0,5min
601398.SH,2026-06-24 09:55:00,7.41,7.41,7.36,7.36,9657900,71310480.0,5min
601398.SH,2026-06-24 10:00:00,7.37,7.37,7.32,7.33,13335241,97848574.0,5min
601398.SH,2026-06-24 10:05:00,7.33,7.34,7.32,7.33,9232300,67673119.0,5min
601398.SH,2026-06-24 10:10:00,7.34,7.35,7.32,7.34,7385200,54136409.0,5min
601398.SH,2026-06-24 10:15:00,7.33,7.34,7.3,7.3,18898300,138279103.0,5min
601398.SH,2026-06-24 10:20:00,7.3,7.31,7.28,7.28,15836500,115483001.0,5min
601398.SH,2026-06-24 10:25:00,7.28,7.29,7.27,7.28,11534600,83971566.0,5min
601398.SH,2026-06-24 10:30:00,7.28,7.31,7.27,7.3,8861300,64577544.0,5min
601398.SH,2026-06-24 10:35:00,7.3,7.32,7.29,7.32,13010500,95121328.0,5min
601398.SH,2026-06-24 10:40:00,7.31,7.33,7.31,7.31,5782600,42319456.0,5min
601398.SH,2026-06-24 10:45:00,7.31,7.34,7.29,7.34,6437160,47043118.0,5min
601398.SH,2026-06-24 10:50:00,7.34,7.36,7.33,7.36,8403400,61744025.0,5min
601398.SH,2026-06-24 10:55:00,7.35,7.36,7.34,7.35,4219400,31019458.0,5min
601398.SH,2026-06-24 11:00:00,7.34,7.37,7.34,7.35,3663700,26936145.0,5min
601398.SH,2026-06-24 11:05:00,7.34,7.36,7.34,7.36,3535800,25977993.0,5min
601398.SH,2026-06-24 11:10:00,7.36,7.37,7.33,7.34,4822900,35473877.0,5min
601398.SH,2026-06-24 11:15:00,7.34,7.34,7.32,7.34,2431100,17822854.0,5min
601398.SH,2026-06-24 11:20:00,7.33,7.34,7.33,7.33,877700,6437509.0,5min
601398.SH,2026-06-24 11:25:00,7.34,7.34,7.32,7.32,5259692,38507758.0,5min
601398.SH,2026-06-24 11:30:00,7.31,7.32,7.29,7.3,6734100,49193349.0,5min
601398.SH,2026-06-24 13:05:00,7.29,7.31,7.28,7.29,11594045,84497745.0,5min
601398.SH,2026-06-24 13:10:00,7.29,7.29,7.27,7.28,5410555,39389802.0,5min
601398.SH,2026-06-24 13:15:00,7.28,7.28,7.27,7.28,3670700,26703591.0,5min
601398.SH,2026-06-24 13:20:00,7.27,7.28,7.25,7.26,12246200,88930349.0,5min
601398.SH,2026-06-24 13:25:00,7.26,7.27,7.25,7.25,7368400,53479749.0,5min
601398.SH,2026-06-24 13:30:00,7.25,7.26,7.22,7.23,13635300,98696344.0,5min
601398.SH,2026-06-24 13:35:00,7.23,7.23,7.22,7.22,6512500,47038011.0,5min
601398.SH,2026-06-24 13:40:00,7.22,7.23,7.22,7.23,5582152,40317155.0,5min
601398.SH,2026-06-24 13:45:00,7.23,7.23,7.22,7.23,4702300,33969569.0,5min
601398.SH,2026-06-24 13:50:00,7.22,7.25,7.21,7.23,19033655,137495541.0,5min
601398.SH,2026-06-24 13:55:00,7.23,7.23,7.22,7.22,4499883,32517784.0,5min
601398.SH,2026-06-24 14:00:00,7.23,7.23,7.22,7.23,4470800,32288484.0,5min
601398.SH,2026-06-24 14:05:00,7.23,7.23,7.22,7.23,6227609,44990342.0,5min
601398.SH,2026-06-24 14:10:00,7.23,7.23,7.22,7.23,4005700,28939419.0,5min
601398.SH,2026-06-24 14:15:00,7.22,7.23,7.21,7.21,5629300,40637052.0,5min
601398.SH,2026-06-24 14:20:00,7.21,7.22,7.2,7.21,9004500,64926537.0,5min
601398.SH,2026-06-24 14:25:00,7.2,7.23,7.2,7.22,7063600,50966355.0,5min
601398.SH,2026-06-24 14:30:00,7.22,7.23,7.22,7.22,3998400,28892157.0,5min
601398.SH,2026-06-24 14:35:00,7.23,7.23,7.22,7.22,4180400,30199482.0,5min
601398.SH,2026-06-24 14:40:00,7.23,7.23,7.22,7.23,7316500,52864835.0,5min
601398.SH,2026-06-24 14:45:00,7.23,7.23,7.22,7.22,5689105,41116319.0,5min
601398.SH,2026-06-24 14:50:00,7.23,7.23,7.21,7.22,10238895,73935082.0,5min
601398.SH,2026-06-24 14:55:00,7.22,7.23,7.21,7.22,9496200,68547189.0,5min
601398.SH,2026-06-24 15:00:00,7.22,7.22,7.21,7.22,8674300,62603650.0,5min
601398.SH,2026-06-25 09:35:00,7.14,7.21,7.13,7.21,34667485,248040649.0,5min
601398.SH,2026-06-25 09:40:00,7.2,7.21,7.17,7.2,10913995,78471710.0,5min
601398.SH,2026-06-25 09:45:00,7.2,7.22,7.19,7.21,13388832,96432096.0,5min
601398.SH,2026-06-25 09:50:00,7.21,7.22,7.2,7.22,8679509,62572954.0,5min
601398.SH,2026-06-25 09:55:00,7.22,7.22,7.2,7.22,8047795,58036896.0,5min
601398.SH,2026-06-25 10:00:00,7.22,7.25,7.21,7.24,10616400,76836341.0,5min
601398.SH,2026-06-25 10:05:00,7.25,7.26,7.24,7.24,11310945,81962319.0,5min
601398.SH,2026-06-25 10:10:00,7.24,7.27,7.23,7.26,17599313,127745523.0,5min
601398.SH,2026-06-25 10:15:00,7.27,7.28,7.25,7.26,6268900,45559718.0,5min
601398.SH,2026-06-25 10:20:00,7.26,7.28,7.25,7.27,9206100,66844919.0,5min
601398.SH,2026-06-25 10:25:00,7.27,7.31,7.27,7.27,18033721,131512690.0,5min
601398.SH,2026-06-25 10:30:00,7.28,7.28,7.22,7.22,8970400,65029900.0,5min
601398.SH,2026-06-25 10:35:00,7.23,7.24,7.22,7.23,4922100,35566119.0,5min
601398.SH,2026-06-25 10:40:00,7.23,7.25,7.22,7.25,4679900,33857520.0,5min
601398.SH,2026-06-25 10:45:00,7.24,7.26,7.23,7.24,7750800,56150139.0,5min
601398.SH,2026-06-25 10:50:00,7.24,7.25,7.23,7.24,5003800,36227602.0,5min
601398.SH,2026-06-25 10:55:00,7.24,7.25,7.23,7.24,3253500,23558964.0,5min
601398.SH,2026-06-25 11:00:00,7.24,7.27,7.23,7.25,7146300,51806265.0,5min
601398.SH,2026-06-25 11:05:00,7.25,7.25,7.23,7.23,5630000,40750384.0,5min
601398.SH,2026-06-25 11:10:00,7.23,7.24,7.22,7.23,4517892,32664912.0,5min
601398.SH,2026-06-25 11:15:00,7.23,7.25,7.23,7.24,4057765,29368405.0,5min
601398.SH,2026-06-25 11:20:00,7.23,7.24,7.22,7.24,3617391,26157003.0,5min
601398.SH,2026-06-25 11:25:00,7.23,7.24,7.22,7.23,5469500,39542401.0,5min
601398.SH,2026-06-25 11:30:00,7.22,7.23,7.21,7.21,5576400,40251443.0,5min
601398.SH,2026-06-25 13:05:00,7.22,7.22,7.2,7.2,9073118,65413912.0,5min
601398.SH,2026-06-25 13:10:00,7.21,7.21,7.19,7.2,10489357,75505530.0,5min
601398.SH,2026-06-25 13:15:00,7.2,7.21,7.19,7.21,4143000,29827143.0,5min
601398.SH,2026-06-25 13:20:00,7.2,7.2,7.18,7.19,6852630,49286593.0,5min
601398.SH,2026-06-25 13:25:00,7.19,7.19,7.18,7.19,6085400,43735408.0,5min
601398.SH,2026-06-25 13:30:00,7.18,7.2,7.18,7.2,6200500,44575696.0,5min
601398.SH,2026-06-25 13:35:00,7.2,7.2,7.18,7.18,4580400,32923731.0,5min
601398.SH,2026-06-25 13:40:00,7.18,7.19,7.18,7.18,3692300,26521526.0,5min
601398.SH,2026-06-25 13:45:00,7.18,7.19,7.18,7.19,6342400,45568761.0,5min
601398.SH,2026-06-25 13:50:00,7.19,7.19,7.18,7.18,3786400,27207260.0,5min
601398.SH,2026-06-25 13:55:00,7.18,7.2,7.18,7.2,3266300,23482252.0,5min
601398.SH,2026-06-25 14:00:00,7.2,7.22,7.19,7.21,7733900,55719104.0,5min
601398.SH,2026-06-25 14:05:00,7.22,7.22,7.18,7.18,9829300,70708042.0,5min
601398.SH,2026-06-25 14:10:00,7.19,7.19,7.18,7.18,3260700,23428734.0,5min
601398.SH,2026-06-25 14:15:00,7.19,7.2,7.18,7.19,4084704,29371997.0,5min
601398.SH,2026-06-25 14:20:00,7.19,7.2,7.18,7.19,2283552,16425020.0,5min
601398.SH,2026-06-25 14:25:00,7.19,7.2,7.19,7.2,2612000,18790027.0,5min
601398.SH,2026-06-25 14:30:00,7.19,7.2,7.19,7.19,3118000,22433087.0,5min
601398.SH,2026-06-25 14:35:00,7.19,7.21,7.19,7.21,5007200,36045488.0,5min
601398.SH,2026-06-25 14:40:00,7.2,7.21,7.2,7.2,3547775,25562027.0,5min
601398.SH,2026-06-25 14:45:00,7.2,7.21,7.19,7.2,8687925,62552364.0,5min
601398.SH,2026-06-25 14:50:00,7.2,7.21,7.19,7.19,8829700,63551071.0,5min
601398.SH,2026-06-25 14:55:00,7.2,7.21,7.19,7.2,6747100,48589342.0,5min
601398.SH,2026-06-25 15:00:00,7.19,7.21,7.19,7.19,6705631,48241283.0,5min
601398.SH,2026-06-26 09:35:00,7.24,7.24,7.19,7.19,21782100,157272771.0,5min
601398.SH,2026-06-26 09:40:00,7.2,7.2,7.18,7.19,9355900,67270144.0,5min
601398.SH,2026-06-26 09:45:00,7.19,7.19,7.15,7.16,14516018,104010077.0,5min
601398.SH,2026-06-26 09:50:00,7.15,7.2,7.14,7.2,16420604,117542399.0,5min
601398.SH,2026-06-26 09:55:00,7.2,7.25,7.19,7.24,22121700,159997164.0,5min
601398.SH,2026-06-26 10:00:00,7.24,7.24,7.19,7.2,7636500,55112674.0,5min
601398.SH,2026-06-26 10:05:00,7.2,7.23,7.19,7.21,10928500,78819017.0,5min
601398.SH,2026-06-26 10:10:00,7.2,7.22,7.2,7.2,7107740,51236110.0,5min
601398.SH,2026-06-26 10:15:00,7.2,7.21,7.19,7.2,7717600,55600092.0,5min
601398.SH,2026-06-26 10:20:00,7.2,7.21,7.17,7.17,9479900,68127997.0,5min
601398.SH,2026-06-26 10:25:00,7.18,7.21,7.17,7.18,9383900,67483922.0,5min
601398.SH,2026-06-26 10:30:00,7.19,7.19,7.17,7.18,3053500,21923171.0,5min
601398.SH,2026-06-26 10:35:00,7.18,7.19,7.17,7.18,7198400,51655756.0,5min
601398.SH,2026-06-26 10:40:00,7.18,7.18,7.17,7.18,3414400,24488763.0,5min
601398.SH,2026-06-26 10:45:00,7.18,7.18,7.16,7.16,5178501,37115814.0,5min
601398.SH,2026-06-26 10:50:00,7.16,7.17,7.16,7.17,3479000,24934901.0,5min
601398.SH,2026-06-26 10:55:00,7.17,7.18,7.16,7.18,3719000,26676950.0,5min
601398.SH,2026-06-26 11:00:00,7.18,7.18,7.17,7.17,8607400,61760193.0,5min
601398.SH,2026-06-26 11:05:00,7.17,7.18,7.16,7.18,5837700,41863614.0,5min
601398.SH,2026-06-26 11:10:00,7.18,7.22,7.17,7.22,10123045,72863324.0,5min
601398.SH,2026-06-26 11:15:00,7.22,7.22,7.19,7.19,8020800,57824178.0,5min
601398.SH,2026-06-26 11:20:00,7.19,7.2,7.16,7.16,5169300,37076971.0,5min
601398.SH,2026-06-26 11:25:00,7.17,7.18,7.16,7.16,4437400,31799940.0,5min
601398.SH,2026-06-26 11:30:00,7.16,7.17,7.15,7.16,5845899,41864650.0,5min
601398.SH,2026-06-26 13:05:00,7.16,7.17,7.15,7.16,7233800,51790760.0,5min
601398.SH,2026-06-26 13:10:00,7.17,7.17,7.16,7.17,3350000,24007797.0,5min
601398.SH,2026-06-26 13:15:00,7.16,7.18,7.15,7.18,6414100,45963265.0,5min
601398.SH,2026-06-26 13:20:00,7.18,7.18,7.16,7.17,6768100,48537651.0,5min
601398.SH,2026-06-26 13:25:00,7.16,7.17,7.16,7.17,4491400,32188931.0,5min
601398.SH,2026-06-26 13:30:00,7.17,7.19,7.17,7.19,3934200,28258851.0,5min
601398.SH,2026-06-26 13:35:00,7.18,7.19,7.16,7.16,4648092,33334783.0,5min
601398.SH,2026-06-26 13:40:00,7.16,7.17,7.16,7.17,2478401,17760074.0,5min
601398.SH,2026-06-26 13:45:00,7.16,7.17,7.16,7.17,2034500,14579994.0,5min
601398.SH,2026-06-26 13:50:00,7.16,7.17,7.16,7.17,2032368,14558838.0,5min
601398.SH,2026-06-26 13:55:00,7.17,7.17,7.16,7.17,5195218,37206675.0,5min
601398.SH,2026-06-26 14:00:00,7.16,7.17,7.15,7.16,5255200,37634627.0,5min
601398.SH,2026-06-26 14:05:00,7.16,7.17,7.15,7.16,3419400,24490251.0,5min
601398.SH,2026-06-26 14:10:00,7.17,7.17,7.15,7.16,7595000,54381752.0,5min
601398.SH,2026-06-26 14:15:00,7.16,7.16,7.15,7.15,2719400,19459236.0,5min
601398.SH,2026-06-26 14:20:00,7.16,7.16,7.15,7.16,4009500,28688759.0,5min
601398.SH,2026-06-26 14:25:00,7.16,7.16,7.15,7.16,6413200,45899293.0,5min
601398.SH,2026-06-26 14:30:00,7.16,7.16,7.15,7.15,6430400,46003475.0,5min
601398.SH,2026-06-26 14:35:00,7.15,7.17,7.15,7.17,10277700,73569407.0,5min
601398.SH,2026-06-26 14:40:00,7.17,7.18,7.16,7.17,8104100,58098611.0,5min
601398.SH,2026-06-26 14:45:00,7.17,7.18,7.16,7.16,6212600,44535059.0,5min
601398.SH,2026-06-26 14:50:00,7.17,7.17,7.15,7.15,9537700,68320301.0,5min
601398.SH,2026-06-26 14:55:00,7.16,7.16,7.15,7.16,8882300,63556373.0,5min
601398.SH,2026-06-26 15:00:00,7.15,7.16,7.14,7.15,14386628,102847316.0,5min
601398.SH,2026-06-29 09:35:00,7.12,7.12,7.08,7.11,58089520,412320239.0,5min
601398.SH,2026-06-29 09:40:00,7.11,7.11,7.08,7.08,17289975,122612211.0,5min
601398.SH,2026-06-29 09:45:00,7.09,7.1,7.07,7.07,19577300,138679029.0,5min
601398.SH,2026-06-29 09:50:00,7.08,7.09,7.05,7.09,16775411,118529720.0,5min
601398.SH,2026-06-29 09:55:00,7.09,7.1,7.07,7.1,5857598,41505104.0,5min
601398.SH,2026-06-29 10:00:00,7.09,7.14,7.09,7.13,12727630,90585806.0,5min
601398.SH,2026-06-29 10:05:00,7.14,7.16,7.12,7.15,14939700,106779712.0,5min
601398.SH,2026-06-29 10:10:00,7.15,7.16,7.13,7.15,12796300,91406538.0,5min
601398.SH,2026-06-29 10:15:00,7.15,7.18,7.15,7.16,14229700,101924070.0,5min
601398.SH,2026-06-29 10:20:00,7.16,7.21,7.15,7.2,17767300,127732082.0,5min
601398.SH,2026-06-29 10:25:00,7.2,7.21,7.19,7.19,11156400,80299716.0,5min
601398.SH,2026-06-29 10:30:00,7.2,7.23,7.19,7.23,12249390,88344148.0,5min
601398.SH,2026-06-29 10:35:00,7.23,7.27,7.22,7.27,19664500,142406744.0,5min
601398.SH,2026-06-29 10:40:00,7.26,7.27,7.22,7.22,19738680,143103789.0,5min
601398.SH,2026-06-29 10:45:00,7.23,7.24,7.2,7.2,7121500,51395143.0,5min
601398.SH,2026-06-29 10:50:00,7.2,7.23,7.2,7.22,5992500,43243327.0,5min
601398.SH,2026-06-29 10:55:00,7.21,7.24,7.21,7.23,4774100,34497137.0,5min
601398.SH,2026-06-29 11:00:00,7.23,7.23,7.21,7.22,4235300,30580247.0,5min
601398.SH,2026-06-29 11:05:00,7.22,7.25,7.22,7.25,6098845,44107983.0,5min
601398.SH,2026-06-29 11:10:00,7.25,7.25,7.22,7.23,7032100,50839090.0,5min
601398.SH,2026-06-29 11:15:00,7.23,7.24,7.22,7.22,3395500,24542766.0,5min
601398.SH,2026-06-29 11:20:00,7.22,7.22,7.2,7.21,3897800,28093289.0,5min
601398.SH,2026-06-29 11:25:00,7.2,7.24,7.2,7.24,5800600,41919276.0,5min
601398.SH,2026-06-29 11:30:00,7.24,7.25,7.23,7.24,2159700,15626013.0,5min
601398.SH,2026-06-29 13:05:00,7.24,7.27,7.22,7.26,17601300,127676714.0,5min
601398.SH,2026-06-29 13:10:00,7.25,7.26,7.24,7.25,2202600,15961861.0,5min
601398.SH,2026-06-29 13:15:00,7.24,7.26,7.22,7.23,5068400,36709434.0,5min
601398.SH,2026-06-29 13:20:00,7.22,7.24,7.22,7.24,5624100,40653355.0,5min
601398.SH,2026-06-29 13:25:00,7.23,7.24,7.21,7.21,4631900,33476153.0,5min
601398.SH,2026-06-29 13:30:00,7.21,7.24,7.21,7.21,4523500,32689215.0,5min
601398.SH,2026-06-29 13:35:00,7.21,7.22,7.21,7.21,3489200,25163531.0,5min
601398.SH,2026-06-29 13:40:00,7.22,7.22,7.2,7.21,3459500,24941658.0,5min
601398.SH,2026-06-29 13:45:00,7.21,7.21,7.2,7.21,4706900,33910054.0,5min
601398.SH,2026-06-29 13:50:00,7.2,7.21,7.19,7.21,4133700,29756441.0,5min
601398.SH,2026-06-29 13:55:00,7.2,7.21,7.19,7.2,4190900,30159721.0,5min
601398.SH,2026-06-29 14:00:00,7.2,7.21,7.2,7.2,4872318,35102355.0,5min
601398.SH,2026-06-29 14:05:00,7.21,7.21,7.19,7.2,5312500,38221509.0,5min
601398.SH,2026-06-29 14:10:00,7.19,7.2,7.19,7.19,2029000,14596662.0,5min
601398.SH,2026-06-29 14:15:00,7.19,7.21,7.19,7.2,7405300,53310026.0,5min
601398.SH,2026-06-29 14:20:00,7.2,7.2,7.19,7.19,2837018,20412605.0,5min
601398.SH,2026-06-29 14:25:00,7.2,7.2,7.19,7.2,3360500,24181918.0,5min
601398.SH,2026-06-29 14:30:00,7.19,7.21,7.19,7.2,5965300,42939788.0,5min
601398.SH,2026-06-29 14:35:00,7.21,7.22,7.2,7.21,3885900,28018338.0,5min
601398.SH,2026-06-29 14:40:00,7.21,7.22,7.21,7.21,2848800,20556585.0,5min
601398.SH,2026-06-29 14:45:00,7.21,7.22,7.2,7.21,5862100,42290413.0,5min
601398.SH,2026-06-29 14:50:00,7.22,7.22,7.21,7.21,5078300,36633198.0,5min
601398.SH,2026-06-29 14:55:00,7.21,7.22,7.2,7.22,6930600,49987760.0,5min
601398.SH,2026-06-29 15:00:00,7.21,7.22,7.2,7.22,9618400,69413090.0,5min
601398.SH,2026-06-30 09:35:00,7.18,7.21,7.15,7.17,19473957,139671388.0,5min
601398.SH,2026-06-30 09:40:00,7.16,7.17,7.13,7.13,21358043,152555148.0,5min
601398.SH,2026-06-30 09:45:00,7.14,7.17,7.13,7.16,13514100,96641725.0,5min
601398.SH,2026-06-30 09:50:00,7.15,7.17,7.14,7.16,10792236,77153802.0,5min
601398.SH,2026-06-30 09:55:00,7.15,7.16,7.13,7.15,10506062,75053079.0,5min
601398.SH,2026-06-30 10:00:00,7.15,7.16,7.13,7.14,8050300,57502395.0,5min
601398.SH,2026-06-30 10:05:00,7.13,7.14,7.12,7.14,11074200,78961673.0,5min
601398.SH,2026-06-30 10:10:00,7.14,7.14,7.12,7.13,6691500,47721626.0,5min
601398.SH,2026-06-30 10:15:00,7.12,7.13,7.11,7.13,15850600,112823996.0,5min
601398.SH,2026-06-30 10:20:00,7.13,7.13,7.11,7.12,8180900,58240578.0,5min
601398.SH,2026-06-30 10:25:00,7.11,7.12,7.11,7.12,5408300,38464740.0,5min
601398.SH,2026-06-30 10:30:00,7.12,7.12,7.1,7.11,9095700,64656213.0,5min
601398.SH,2026-06-30 10:35:00,7.11,7.11,7.1,7.1,8797900,62477678.0,5min
601398.SH,2026-06-30 10:40:00,7.1,7.11,7.1,7.11,3176900,22570605.0,5min
601398.SH,2026-06-30 10:45:00,7.1,7.11,7.1,7.1,4573100,32492846.0,5min
601398.SH,2026-06-30 10:50:00,7.11,7.11,7.1,7.11,3488200,24785312.0,5min
601398.SH,2026-06-30 10:55:00,7.1,7.11,7.1,7.11,3787100,26903283.0,5min
601398.SH,2026-06-30 11:00:00,7.1,7.11,7.09,7.1,19009100,134962234.0,5min
601398.SH,2026-06-30 11:05:00,7.1,7.1,7.09,7.1,6220700,44152667.0,5min
601398.SH,2026-06-30 11:10:00,7.09,7.1,7.09,7.09,3167413,22467417.0,5min
601398.SH,2026-06-30 11:15:00,7.09,7.1,7.08,7.09,10225087,72485949.0,5min
601398.SH,2026-06-30 11:20:00,7.08,7.1,7.08,7.1,3529600,25022891.0,5min
601398.SH,2026-06-30 11:25:00,7.1,7.1,7.09,7.09,3378900,23972167.0,5min
601398.SH,2026-06-30 11:30:00,7.09,7.1,7.08,7.09,5770800,40904076.0,5min
601398.SH,2026-06-30 13:05:00,7.09,7.1,7.05,7.07,40282300,284904620.0,5min
601398.SH,2026-06-30 13:10:00,7.06,7.07,7.06,7.06,3750163,26489597.0,5min
601398.SH,2026-06-30 13:15:00,7.06,7.08,7.06,7.07,20619900,145792643.0,5min
601398.SH,2026-06-30 13:20:00,7.06,7.07,7.05,7.05,15645500,110412662.0,5min
601398.SH,2026-06-30 13:25:00,7.06,7.06,7.03,7.03,28610300,201673602.0,5min
601398.SH,2026-06-30 13:30:00,7.03,7.04,7.03,7.04,8644400,60812973.0,5min
601398.SH,2026-06-30 13:35:00,7.04,7.04,7.03,7.04,8122334,57157046.0,5min
601398.SH,2026-06-30 13:40:00,7.03,7.05,7.03,7.05,6635400,46735098.0,5min
601398.SH,2026-06-30 13:45:00,7.05,7.08,7.04,7.07,11376549,80310102.0,5min
601398.SH,2026-06-30 13:50:00,7.07,7.07,7.05,7.05,6768800,47765414.0,5min
601398.SH,2026-06-30 13:55:00,7.05,7.06,7.04,7.05,9066800,63918620.0,5min
601398.SH,2026-06-30 14:00:00,7.05,7.05,7.04,7.05,6132801,43213512.0,5min
601398.SH,2026-06-30 14:05:00,7.05,7.06,7.04,7.05,5931500,41827412.0,5min
601398.SH,2026-06-30 14:10:00,7.06,7.06,7.05,7.06,6230900,43970256.0,5min
601398.SH,2026-06-30 14:15:00,7.06,7.06,7.04,7.04,8326900,58713991.0,5min
601398.SH,2026-06-30 14:20:00,7.05,7.05,7.04,7.05,5040100,35525058.0,5min
601398.SH,2026-06-30 14:25:00,7.05,7.06,7.05,7.06,4467600,31524200.0,5min
601398.SH,2026-06-30 14:30:00,7.05,7.06,7.05,7.05,3896760,27499154.0,5min
601398.SH,2026-06-30 14:35:00,7.06,7.07,7.05,7.06,11139100,78596322.0,5min
601398.SH,2026-06-30 14:40:00,7.05,7.07,7.05,7.06,7460200,52661110.0,5min
601398.SH,2026-06-30 14:45:00,7.06,7.07,7.05,7.05,8275500,58402456.0,5min
601398.SH,2026-06-30 14:50:00,7.06,7.06,7.05,7.06,10029400,70776673.0,5min
601398.SH,2026-06-30 14:55:00,7.06,7.08,7.06,7.08,9852100,69625989.0,5min
601398.SH,2026-06-30 15:00:00,7.07,7.08,7.07,7.07,10706281,75709738.0,5min
601398.SH,2026-07-01 09:35:00,7.05,7.06,7.02,7.04,19408201,136677904.0,5min
601398.SH,2026-07-01 09:40:00,7.04,7.06,7.02,7.05,15765558,110955833.0,5min
601398.SH,2026-07-01 09:45:00,7.06,7.07,7.01,7.01,21642641,152164583.0,5min
601398.SH,2026-07-01 09:50:00,7.02,7.03,7.0,7.02,24023238,168389104.0,5min
601398.SH,2026-07-01 09:55:00,7.02,7.04,7.01,7.03,6960101,48866537.0,5min
601398.SH,2026-07-01 10:00:00,7.03,7.05,7.02,7.04,5300300,37286330.0,5min
601398.SH,2026-07-01 10:05:00,7.04,7.04,7.02,7.02,5758700,40464399.0,5min
601398.SH,2026-07-01 10:10:00,7.03,7.05,7.02,7.04,5308613,37349639.0,5min
601398.SH,2026-07-01 10:15:00,7.05,7.06,7.03,7.06,5406533,38083790.0,5min
601398.SH,2026-07-01 10:20:00,7.05,7.07,7.04,7.04,8009700,56510427.0,5min
601398.SH,2026-07-01 10:25:00,7.04,7.05,7.03,7.03,6303700,44336729.0,5min
601398.SH,2026-07-01 10:30:00,7.04,7.06,7.03,7.05,4149000,29235097.0,5min
601398.SH,2026-07-01 10:35:00,7.05,7.07,7.05,7.07,4775612,33708950.0,5min
601398.SH,2026-07-01 10:40:00,7.07,7.09,7.06,7.08,8092200,57249463.0,5min
601398.SH,2026-07-01 10:45:00,7.08,7.08,7.05,7.06,8911654,63000633.0,5min
601398.SH,2026-07-01 10:50:00,7.05,7.08,7.05,7.07,5340300,37737155.0,5min
601398.SH,2026-07-01 10:55:00,7.07,7.07,7.05,7.06,4634200,32725340.0,5min
601398.SH,2026-07-01 11:00:00,7.05,7.06,7.04,7.06,10109400,71261890.0,5min
601398.SH,2026-07-01 11:05:00,7.06,7.06,7.04,7.05,4473600,31524950.0,5min
601398.SH,2026-07-01 11:10:00,7.05,7.05,7.04,7.05,2776714,19565495.0,5min
601398.SH,2026-07-01 11:15:00,7.04,7.05,7.04,7.05,3174400,22371244.0,5min
601398.SH,2026-07-01 11:20:00,7.05,7.07,7.04,7.06,4547410,32081988.0,5min
601398.SH,2026-07-01 11:25:00,7.06,7.07,7.05,7.06,3248000,22934864.0,5min
601398.SH,2026-07-01 11:30:00,7.05,7.06,7.05,7.06,1088200,7678454.0,5min
601398.SH,2026-07-01 13:05:00,7.06,7.08,7.06,7.08,7341090,51877164.0,5min
601398.SH,2026-07-01 13:10:00,7.08,7.08,7.06,7.06,3553200,25112954.0,5min
601398.SH,2026-07-01 13:15:00,7.07,7.07,7.06,7.07,6382100,45113011.0,5min
601398.SH,2026-07-01 13:20:00,7.07,7.07,7.05,7.06,6682570,47177377.0,5min
601398.SH,2026-07-01 13:25:00,7.05,7.06,7.05,7.05,7967027,56175482.0,5min
601398.SH,2026-07-01 13:30:00,7.05,7.07,7.05,7.07,3490609,24648542.0,5min
601398.SH,2026-07-01 13:35:00,7.06,7.07,7.05,7.06,3645200,25732170.0,5min
601398.SH,2026-07-01 13:40:00,7.06,7.07,7.05,7.06,4364200,30803346.0,5min
601398.SH,2026-07-01 13:45:00,7.06,7.07,7.05,7.06,2416400,17062878.0,5min
601398.SH,2026-07-01 13:50:00,7.06,7.07,7.05,7.05,3920300,27657832.0,5min
601398.SH,2026-07-01 13:55:00,7.06,7.06,7.04,7.04,8935073,62994175.0,5min
601398.SH,2026-07-01 14:00:00,7.05,7.05,7.02,7.02,20831200,146426322.0,5min
601398.SH,2026-07-01 14:05:00,7.03,7.03,7.02,7.02,3889400,27321351.0,5min
601398.SH,2026-07-01 14:10:00,7.03,7.03,7.02,7.02,4766200,33498075.0,5min
601398.SH,2026-07-01 14:15:00,7.03,7.03,7.02,7.03,2605600,18304815.0,5min
601398.SH,2026-07-01 14:20:00,7.02,7.04,7.02,7.04,4659100,32751917.0,5min
601398.SH,2026-07-01 14:25:00,7.03,7.04,7.03,7.03,2485200,17480510.0,5min
601398.SH,2026-07-01 14:30:00,7.03,7.04,7.03,7.04,2427145,17074662.0,5min
601398.SH,2026-07-01 14:35:00,7.03,7.05,7.03,7.05,7260000,51106226.0,5min
601398.SH,2026-07-01 14:40:00,7.04,7.05,7.04,7.04,3372200,23751690.0,5min
601398.SH,2026-07-01 14:45:00,7.05,7.05,7.03,7.04,8308700,58483861.0,5min
601398.SH,2026-07-01 14:50:00,7.03,7.05,7.03,7.04,5803700,40845776.0,5min
601398.SH,2026-07-01 14:55:00,7.04,7.05,7.04,7.05,6164400,43422936.0,5min
601398.SH,2026-07-01 15:00:00,7.05,7.06,7.04,7.06,8321034,58670156.0,5min
601398.SH,2026-07-02 09:35:00,7.03,7.12,7.03,7.1,42760593,303032306.0,5min
601398.SH,2026-07-02 09:40:00,7.1,7.11,7.08,7.1,15164800,107633464.0,5min
601398.SH,2026-07-02 09:45:00,7.11,7.14,7.1,7.14,23872700,170047272.0,5min
601398.SH,2026-07-02 09:50:00,7.13,7.14,7.08,7.09,13861700,98584756.0,5min
601398.SH,2026-07-02 09:55:00,7.08,7.09,7.06,7.06,11582600,81911227.0,5min
601398.SH,2026-07-02 10:00:00,7.06,7.07,7.05,7.05,9834700,69428078.0,5min
601398.SH,2026-07-02 10:05:00,7.06,7.06,7.04,7.04,8164400,57553587.0,5min
601398.SH,2026-07-02 10:10:00,7.04,7.06,7.04,7.05,6638100,46788662.0,5min
601398.SH,2026-07-02 10:15:00,7.04,7.05,7.04,7.05,6340400,44653450.0,5min
601398.SH,2026-07-02 10:20:00,7.04,7.05,7.03,7.04,4827100,33991340.0,5min
601398.SH,2026-07-02 10:25:00,7.04,7.04,7.03,7.03,4829300,33980010.0,5min
601398.SH,2026-07-02 10:30:00,7.04,7.04,7.03,7.04,3318713,23339965.0,5min
601398.SH,2026-07-02 10:35:00,7.03,7.04,7.01,7.01,17595187,123613294.0,5min
601398.SH,2026-07-02 10:40:00,7.02,7.02,7.01,7.02,5760767,40413706.0,5min
601398.SH,2026-07-02 10:45:00,7.02,7.02,7.01,7.02,5323600,37332716.0,5min
601398.SH,2026-07-02 10:50:00,7.01,7.02,7.0,7.01,18617806,130501351.0,5min
601398.SH,2026-07-02 10:55:00,7.01,7.03,7.0,7.03,5409802,37952624.0,5min
601398.SH,2026-07-02 11:00:00,7.02,7.03,7.02,7.03,5937900,41721828.0,5min
601398.SH,2026-07-02 11:05:00,7.03,7.03,7.01,7.01,4501900,31610437.0,5min
601398.SH,2026-07-02 11:10:00,7.02,7.02,7.01,7.01,1989400,13957809.0,5min
601398.SH,2026-07-02 11:15:00,7.01,7.02,7.01,7.01,2258800,15845945.0,5min
601398.SH,2026-07-02 11:20:00,7.02,7.02,7.0,7.01,11488900,80526214.0,5min
601398.SH,2026-07-02 11:25:00,7.0,7.01,7.0,7.01,3980700,27894070.0,5min
601398.SH,2026-07-02 11:30:00,7.01,7.02,7.0,7.01,2114045,14826526.0,5min
601398.SH,2026-07-02 13:05:00,7.01,7.02,7.01,7.02,4879358,34236520.0,5min
601398.SH,2026-07-02 13:10:00,7.02,7.03,7.01,7.02,3581400,25138883.0,5min
601398.SH,2026-07-02 13:15:00,7.02,7.03,7.01,7.01,2615000,18359812.0,5min
601398.SH,2026-07-02 13:20:00,7.02,7.03,7.01,7.02,2497700,17529893.0,5min
601398.SH,2026-07-02 13:25:00,7.02,7.04,7.02,7.04,3285276,23086748.0,5min
601398.SH,2026-07-02 13:30:00,7.04,7.04,7.02,7.02,3138300,22058330.0,5min
601398.SH,2026-07-02 13:35:00,7.02,7.04,7.02,7.04,4858200,34152769.0,5min
601398.SH,2026-07-02 13:40:00,7.03,7.04,7.02,7.03,4297900,30217409.0,5min
601398.SH,2026-07-02 13:45:00,7.03,7.04,7.02,7.04,1721644,12106453.0,5min
601398.SH,2026-07-02 13:50:00,7.04,7.04,7.02,7.03,4020100,28268989.0,5min
601398.SH,2026-07-02 13:55:00,7.03,7.04,7.02,7.03,1763400,12396203.0,5min
601398.SH,2026-07-02 14:00:00,7.02,7.03,7.02,7.03,3447300,24221616.0,5min
601398.SH,2026-07-02 14:05:00,7.02,7.06,7.02,7.05,6012118,42343432.0,5min
601398.SH,2026-07-02 14:10:00,7.06,7.06,7.03,7.04,7602900,53609809.0,5min
601398.SH,2026-07-02 14:15:00,7.03,7.04,7.03,7.04,1592812,11208464.0,5min
601398.SH,2026-07-02 14:20:00,7.03,7.05,7.03,7.05,3598830,25353166.0,5min
601398.SH,2026-07-02 14:25:00,7.04,7.06,7.04,7.05,3026600,21334963.0,5min
601398.SH,2026-07-02 14:30:00,7.04,7.06,7.04,7.05,5921000,41755785.0,5min
601398.SH,2026-07-02 14:35:00,7.06,7.06,7.05,7.05,2983700,21049299.0,5min
601398.SH,2026-07-02 14:40:00,7.06,7.06,7.05,7.06,9421700,66442501.0,5min
601398.SH,2026-07-02 14:45:00,7.06,7.06,7.04,7.05,13128171,92558509.0,5min
601398.SH,2026-07-02 14:50:00,7.05,7.05,7.03,7.03,10786600,75950206.0,5min
601398.SH,2026-07-02 14:55:00,7.03,7.04,7.03,7.04,9265400,65196245.0,5min
601398.SH,2026-07-02 15:00:00,7.03,7.05,7.03,7.05,8856400,62378665.0,5min
601398.SH,2026-07-03 09:35:00,7.03,7.06,7.01,7.05,29208626,205341148.0,5min
601398.SH,2026-07-03 09:40:00,7.05,7.06,7.01,7.02,12782700,89894276.0,5min
601398.SH,2026-07-03 09:45:00,7.02,7.05,7.01,7.05,12291111,86398984.0,5min
601398.SH,2026-07-03 09:50:00,7.05,7.07,7.04,7.06,11757800,82944216.0,5min
601398.SH,2026-07-03 09:55:00,7.06,7.07,7.05,7.06,10520745,74302028.0,5min
601398.SH,2026-07-03 10:00:00,7.06,7.06,7.04,7.05,8777600,61884251.0,5min
601398.SH,2026-07-03 10:05:00,7.05,7.06,7.03,7.05,8402333,59186152.0,5min
601398.SH,2026-07-03 10:10:00,7.05,7.05,7.04,7.05,2364400,16650864.0,5min
601398.SH,2026-07-03 10:15:00,7.05,7.08,7.04,7.07,14448732,102009554.0,5min
601398.SH,2026-07-03 10:20:00,7.08,7.08,7.06,7.06,4402500,31110293.0,5min
601398.SH,2026-07-03 10:25:00,7.06,7.07,7.05,7.05,5157000,36418973.0,5min
601398.SH,2026-07-03 10:30:00,7.05,7.06,7.05,7.06,3583100,25267695.0,5min
601398.SH,2026-07-03 10:35:00,7.06,7.06,7.05,7.05,2721800,19195363.0,5min
601398.SH,2026-07-03 10:40:00,7.05,7.06,7.04,7.05,1966300,13858856.0,5min
601398.SH,2026-07-03 10:45:00,7.04,7.06,7.04,7.05,2776400,19572164.0,5min
601398.SH,2026-07-03 10:50:00,7.04,7.05,7.04,7.05,1794300,12634895.0,5min
601398.SH,2026-07-03 10:55:00,7.04,7.05,7.03,7.04,5263109,37041671.0,5min
601398.SH,2026-07-03 11:00:00,7.03,7.04,7.02,7.02,5020200,35281910.0,5min
601398.SH,2026-07-03 11:05:00,7.03,7.04,7.02,7.03,3448100,24234123.0,5min
601398.SH,2026-07-03 11:10:00,7.03,7.03,7.01,7.01,14504805,101823748.0,5min
601398.SH,2026-07-03 11:15:00,7.01,7.04,7.01,7.03,5296400,37203661.0,5min
601398.SH,2026-07-03 11:20:00,7.03,7.03,7.02,7.03,2307500,16205693.0,5min
601398.SH,2026-07-03 11:25:00,7.02,7.04,7.02,7.03,3270000,22985093.0,5min
601398.SH,2026-07-03 11:30:00,7.03,7.03,7.02,7.03,2846500,19990604.0,5min
601398.SH,2026-07-03 13:05:00,7.02,7.03,7.01,7.01,11359400,79702041.0,5min
601398.SH,2026-07-03 13:10:00,7.02,7.02,7.01,7.02,5496400,38549727.0,5min
601398.SH,2026-07-03 13:15:00,7.02,7.02,7.01,7.02,4178509,29304672.0,5min
601398.SH,2026-07-03 13:20:00,7.01,7.02,7.01,7.01,10278816,72063200.0,5min
601398.SH,2026-07-03 13:25:00,7.02,7.02,7.01,7.01,2954700,20719850.0,5min
601398.SH,2026-07-03 13:30:00,7.02,7.02,7.01,7.02,4073500,28569806.0,5min
601398.SH,2026-07-03 13:35:00,7.01,7.02,7.01,7.01,5052000,35420705.0,5min
601398.SH,2026-07-03 13:40:00,7.01,7.02,7.0,7.01,14568875,102103634.0,5min
601398.SH,2026-07-03 13:45:00,7.01,7.01,7.0,7.01,5008000,35084517.0,5min
601398.SH,2026-07-03 13:50:00,7.01,7.02,7.0,7.02,6997500,49051129.0,5min
601398.SH,2026-07-03 13:55:00,7.02,7.02,7.01,7.01,2395300,16801043.0,5min
601398.SH,2026-07-03 14:00:00,7.01,7.02,7.01,7.01,3268000,22920281.0,5min
601398.SH,2026-07-03 14:05:00,7.01,7.03,7.01,7.02,5249696,36849456.0,5min
601398.SH,2026-07-03 14:10:00,7.02,7.02,7.01,7.02,2135300,14986099.0,5min
601398.SH,2026-07-03 14:15:00,7.02,7.02,7.01,7.02,2403000,16863403.0,5min
601398.SH,2026-07-03 14:20:00,7.01,7.02,7.01,7.02,1468000,10302154.0,5min
601398.SH,2026-07-03 14:25:00,7.02,7.02,7.01,7.01,2491900,17491251.0,5min
601398.SH,2026-07-03 14:30:00,7.02,7.03,7.01,7.03,3257800,22888524.0,5min
601398.SH,2026-07-03 14:35:00,7.03,7.04,7.02,7.03,5536700,38941375.0,5min
601398.SH,2026-07-03 14:40:00,7.04,7.04,7.03,7.03,6872500,48344676.0,5min
601398.SH,2026-07-03 14:45:00,7.03,7.04,7.03,7.04,2749400,19346130.0,5min
601398.SH,2026-07-03 14:50:00,7.04,7.04,7.03,7.04,3390400,23854865.0,5min
601398.SH,2026-07-03 14:55:00,7.04,7.04,7.03,7.04,10832100,76227796.0,5min
601398.SH,2026-07-03 15:00:00,7.03,7.04,7.03,7.04,7142400,50256660.0,5min
601398.SH,2026-07-06 09:35:00,7.02,7.02,6.97,6.98,33792100,236116614.0,5min
601398.SH,2026-07-06 09:40:00,6.98,7.01,6.97,6.98,19843613,138629645.0,5min
601398.SH,2026-07-06 09:45:00,6.98,7.0,6.97,6.98,14615531,102043600.0,5min
601398.SH,2026-07-06 09:50:00,6.98,6.98,6.95,6.96,27162695,189135820.0,5min
601398.SH,2026-07-06 09:55:00,6.96,6.98,6.95,6.97,8688000,60508649.0,5min
601398.SH,2026-07-06 10:00:00,6.96,6.98,6.96,6.98,6405996,44642434.0,5min
601398.SH,2026-07-06 10:05:00,6.98,7.0,6.97,6.99,11787945,82398901.0,5min
601398.SH,2026-07-06 10:10:00,6.99,6.99,6.98,6.98,4133700,28868818.0,5min
601398.SH,2026-07-06 10:15:00,6.98,7.01,6.98,7.0,8648600,60513458.0,5min
601398.SH,2026-07-06 10:20:00,7.0,7.03,6.99,7.03,13509200,94646333.0,5min
601398.SH,2026-07-06 10:25:00,7.03,7.03,7.01,7.01,8464901,59377239.0,5min
601398.SH,2026-07-06 10:30:00,7.0,7.03,7.0,7.03,4670600,32776201.0,5min
601398.SH,2026-07-06 10:35:00,7.03,7.03,7.01,7.03,8283100,58146723.0,5min
601398.SH,2026-07-06 10:40:00,7.02,7.04,7.02,7.03,7420560,52163364.0,5min
601398.SH,2026-07-06 10:45:00,7.03,7.06,7.03,7.05,18587525,130986439.0,5min
601398.SH,2026-07-06 10:50:00,7.05,7.06,7.04,7.05,5133900,36211316.0,5min
601398.SH,2026-07-06 10:55:00,7.06,7.06,7.05,7.05,5873221,41432876.0,5min
601398.SH,2026-07-06 11:00:00,7.05,7.07,7.05,7.07,13344600,94249259.0,5min
601398.SH,2026-07-06 11:05:00,7.06,7.07,7.05,7.05,4800000,33899223.0,5min
601398.SH,2026-07-06 11:10:00,7.06,7.06,7.04,7.05,5284601,37257137.0,5min
601398.SH,2026-07-06 11:15:00,7.05,7.06,7.04,7.04,2197900,15497157.0,5min
601398.SH,2026-07-06 11:20:00,7.04,7.06,7.04,7.05,3207200,22613979.0,5min
601398.SH,2026-07-06 11:25:00,7.05,7.06,7.04,7.04,1817700,12808867.0,5min
601398.SH,2026-07-06 11:30:00,7.05,7.05,7.03,7.04,3218200,22659706.0,5min
601398.SH,2026-07-06 13:05:00,7.04,7.06,7.04,7.05,5928717,41789818.0,5min
601398.SH,2026-07-06 13:10:00,7.05,7.07,7.04,7.06,8121300,57318790.0,5min
601398.SH,2026-07-06 13:15:00,7.06,7.07,7.06,7.06,3071829,21697607.0,5min
601398.SH,2026-07-06 13:20:00,7.06,7.07,7.05,7.06,3052600,21554929.0,5min
601398.SH,2026-07-06 13:25:00,7.07,7.07,7.06,7.07,2503300,17681021.0,5min
601398.SH,2026-07-06 13:30:00,7.06,7.07,7.05,7.05,2500500,17656261.0,5min
601398.SH,2026-07-06 13:35:00,7.07,7.08,7.06,7.08,14625314,103394561.0,5min
601398.SH,2026-07-06 13:40:00,7.07,7.08,7.06,7.07,2590400,18308288.0,5min
601398.SH,2026-07-06 13:45:00,7.07,7.07,7.06,7.07,1390700,9825012.0,5min
601398.SH,2026-07-06 13:50:00,7.06,7.07,7.06,7.06,1090868,7706730.0,5min
601398.SH,2026-07-06 13:55:00,7.07,7.07,7.05,7.06,3687300,26037850.0,5min
601398.SH,2026-07-06 14:00:00,7.06,7.07,7.06,7.06,1074300,7587240.0,5min
601398.SH,2026-07-06 14:05:00,7.07,7.1,7.06,7.09,20119360,142467453.0,5min
601398.SH,2026-07-06 14:10:00,7.1,7.1,7.09,7.09,5395421,38266492.0,5min
601398.SH,2026-07-06 14:15:00,7.09,7.11,7.09,7.09,9235100,65565906.0,5min
601398.SH,2026-07-06 14:20:00,7.09,7.1,7.09,7.09,1762899,12512029.0,5min
601398.SH,2026-07-06 14:25:00,7.1,7.1,7.09,7.1,3629300,25761510.0,5min
601398.SH,2026-07-06 14:30:00,7.1,7.11,7.09,7.1,6798080,48270461.0,5min
601398.SH,2026-07-06 14:35:00,7.1,7.11,7.1,7.11,4531500,32204458.0,5min
601398.SH,2026-07-06 14:40:00,7.11,7.12,7.1,7.11,9886000,70303004.0,5min
601398.SH,2026-07-06 14:45:00,7.11,7.12,7.11,7.11,6332900,45046598.0,5min
601398.SH,2026-07-06 14:50:00,7.11,7.12,7.1,7.12,4126000,29345500.0,5min
601398.SH,2026-07-06 14:55:00,7.11,7.12,7.11,7.11,8420300,59910490.0,5min
601398.SH,2026-07-06 15:00:00,7.11,7.12,7.11,7.12,7504000,53410512.0,5min
601398.SH,2026-07-07 09:35:00,7.09,7.14,7.09,7.14,24872250,177126743.0,5min
601398.SH,2026-07-07 09:40:00,7.14,7.14,7.11,7.11,15687700,111734950.0,5min
601398.SH,2026-07-07 09:45:00,7.11,7.12,7.08,7.1,14688900,104317111.0,5min
601398.SH,2026-07-07 09:50:00,7.1,7.14,7.08,7.13,14354939,102127054.0,5min
601398.SH,2026-07-07 09:55:00,7.14,7.16,7.12,7.12,23825131,170219929.0,5min
601398.SH,2026-07-07 10:00:00,7.11,7.15,7.11,7.13,13064500,93178149.0,5min
601398.SH,2026-07-07 10:05:00,7.14,7.15,7.13,7.14,10929700,78098666.0,5min
601398.SH,2026-07-07 10:10:00,7.14,7.15,7.13,7.15,4083300,29157358.0,5min
601398.SH,2026-07-07 10:15:00,7.14,7.16,7.14,7.15,7925100,56655439.0,5min
601398.SH,2026-07-07 10:20:00,7.15,7.16,7.14,7.15,6820300,48778399.0,5min
601398.SH,2026-07-07 10:25:00,7.15,7.16,7.14,7.16,6760189,48355778.0,5min
601398.SH,2026-07-07 10:30:00,7.15,7.18,7.14,7.15,18251900,130745014.0,5min
601398.SH,2026-07-07 10:35:00,7.14,7.16,7.14,7.15,3887964,27809166.0,5min
601398.SH,2026-07-07 10:40:00,7.15,7.16,7.13,7.14,7585136,54190079.0,5min
601398.SH,2026-07-07 10:45:00,7.14,7.15,7.13,7.14,3052600,21794894.0,5min
601398.SH,2026-07-07 10:50:00,7.14,7.17,7.14,7.15,6483400,46393432.0,5min
601398.SH,2026-07-07 10:55:00,7.16,7.17,7.15,7.16,6487700,46460021.0,5min
601398.SH,2026-07-07 11:00:00,7.15,7.16,7.15,7.16,3819600,27345017.0,5min
601398.SH,2026-07-07 11:05:00,7.17,7.18,7.16,7.17,12394200,88920820.0,5min
601398.SH,2026-07-07 11:10:00,7.18,7.2,7.17,7.19,14182454,101927593.0,5min
601398.SH,2026-07-07 11:15:00,7.19,7.19,7.18,7.18,3334700,23966543.0,5min
601398.SH,2026-07-07 11:20:00,7.18,7.19,7.18,7.18,3970400,28541885.0,5min
601398.SH,2026-07-07 11:25:00,7.19,7.19,7.18,7.19,6256900,44980305.0,5min
601398.SH,2026-07-07 11:30:00,7.18,7.2,7.18,7.18,3831100,27538698.0,5min
601398.SH,2026-07-07 13:05:00,7.19,7.21,7.19,7.21,25421395,182995768.0,5min
601398.SH,2026-07-07 13:10:00,7.2,7.22,7.19,7.2,8455300,60905778.0,5min
601398.SH,2026-07-07 13:15:00,7.2,7.22,7.19,7.22,10019980,72196644.0,5min
601398.SH,2026-07-07 13:20:00,7.22,7.22,7.19,7.2,5456700,39333009.0,5min
601398.SH,2026-07-07 13:25:00,7.2,7.22,7.19,7.21,6739300,48571965.0,5min
601398.SH,2026-07-07 13:30:00,7.22,7.23,7.2,7.23,13974300,100857505.0,5min
601398.SH,2026-07-07 13:35:00,7.22,7.23,7.21,7.22,11293600,81604821.0,5min
601398.SH,2026-07-07 13:40:00,7.23,7.23,7.21,7.21,4843500,34984397.0,5min
601398.SH,2026-07-07 13:45:00,7.22,7.23,7.21,7.22,4580800,33080787.0,5min
601398.SH,2026-07-07 13:50:00,7.23,7.23,7.21,7.23,4947950,35728300.0,5min
601398.SH,2026-07-07 13:55:00,7.23,7.24,7.22,7.23,10144500,73363207.0,5min
601398.SH,2026-07-07 14:00:00,7.23,7.24,7.23,7.23,5508100,39830808.0,5min
601398.SH,2026-07-07 14:05:00,7.23,7.24,7.23,7.23,4340787,31387690.0,5min
601398.SH,2026-07-07 14:10:00,7.23,7.24,7.23,7.23,3761501,27208139.0,5min
601398.SH,2026-07-07 14:15:00,7.23,7.24,7.23,7.24,5759800,41670515.0,5min
601398.SH,2026-07-07 14:20:00,7.23,7.25,7.23,7.24,12982228,94016304.0,5min
601398.SH,2026-07-07 14:25:00,7.25,7.25,7.24,7.25,5701800,41297770.0,5min
601398.SH,2026-07-07 14:30:00,7.25,7.25,7.24,7.25,6634722,48058659.0,5min
601398.SH,2026-07-07 14:35:00,7.25,7.27,7.24,7.26,23884489,173306801.0,5min
601398.SH,2026-07-07 14:40:00,7.26,7.28,7.25,7.25,14681700,106702560.0,5min
601398.SH,2026-07-07 14:45:00,7.25,7.26,7.25,7.25,4752668,34475686.0,5min
601398.SH,2026-07-07 14:50:00,7.26,7.27,7.24,7.27,16180400,117421638.0,5min
601398.SH,2026-07-07 14:55:00,7.26,7.26,7.25,7.25,7601700,55155625.0,5min
601398.SH,2026-07-07 15:00:00,7.25,7.26,7.25,7.26,7714700,55981035.0,5min
601398.SH,2026-07-08 09:35:00,7.22,7.27,7.17,7.27,29415301,211958033.0,5min
601398.SH,2026-07-08 09:40:00,7.27,7.3,7.26,7.3,25962969,189295703.0,5min
601398.SH,2026-07-08 09:45:00,7.3,7.3,7.28,7.3,13204807,96356170.0,5min
601398.SH,2026-07-08 09:50:00,7.3,7.32,7.29,7.32,17277600,126179132.0,5min
601398.SH,2026-07-08 09:55:00,7.31,7.35,7.31,7.34,21778060,159699441.0,5min
601398.SH,2026-07-08 10:00:00,7.35,7.36,7.33,7.33,19935000,146454341.0,5min
601398.SH,2026-07-08 10:05:00,7.34,7.36,7.33,7.35,16299700,119771089.0,5min
601398.SH,2026-07-08 10:10:00,7.35,7.35,7.33,7.33,10061780,73831914.0,5min
601398.SH,2026-07-08 10:15:00,7.34,7.36,7.34,7.36,18075546,132891218.0,5min
601398.SH,2026-07-08 10:20:00,7.35,7.37,7.35,7.36,13969900,102857013.0,5min
601398.SH,2026-07-08 10:25:00,7.36,7.37,7.34,7.35,7557880,55583398.0,5min
601398.SH,2026-07-08 10:30:00,7.36,7.38,7.36,7.36,10548100,77718710.0,5min
601398.SH,2026-07-08 10:35:00,7.37,7.37,7.33,7.34,10845420,79640584.0,5min
601398.SH,2026-07-08 10:40:00,7.33,7.34,7.32,7.34,8519802,62409462.0,5min
601398.SH,2026-07-08 10:45:00,7.34,7.35,7.33,7.33,6305300,46255693.0,5min
601398.SH,2026-07-08 10:50:00,7.34,7.35,7.33,7.35,8369657,61451454.0,5min
601398.SH,2026-07-08 10:55:00,7.36,7.36,7.34,7.35,3847000,28283607.0,5min
601398.SH,2026-07-08 11:00:00,7.36,7.37,7.35,7.36,5591200,41155109.0,5min
601398.SH,2026-07-08 11:05:00,7.37,7.37,7.36,7.36,5881900,43327162.0,5min
601398.SH,2026-07-08 11:10:00,7.36,7.37,7.35,7.35,3848300,28318426.0,5min
601398.SH,2026-07-08 11:15:00,7.36,7.36,7.31,7.32,9079100,66513403.0,5min
601398.SH,2026-07-08 11:20:00,7.32,7.33,7.31,7.31,6462498,47273992.0,5min
601398.SH,2026-07-08 11:25:00,7.32,7.32,7.31,7.31,3637900,26599370.0,5min
601398.SH,2026-07-08 11:30:00,7.32,7.32,7.3,7.31,6775002,49503321.0,5min
601398.SH,2026-07-08 13:05:00,7.31,7.35,7.31,7.33,12676602,92832137.0,5min
601398.SH,2026-07-08 13:10:00,7.33,7.36,7.33,7.34,8840745,64892751.0,5min
601398.SH,2026-07-08 13:15:00,7.35,7.35,7.34,7.34,3000100,22043609.0,5min
601398.SH,2026-07-08 13:20:00,7.34,7.36,7.34,7.35,7996070,58813132.0,5min
601398.SH,2026-07-08 13:25:00,7.35,7.36,7.35,7.35,2749900,20220533.0,5min
601398.SH,2026-07-08 13:30:00,7.36,7.37,7.35,7.35,7531819,55432646.0,5min
601398.SH,2026-07-08 13:35:00,7.36,7.36,7.35,7.35,2768700,20365209.0,5min
601398.SH,2026-07-08 13:40:00,7.35,7.37,7.35,7.36,3927205,28907037.0,5min
601398.SH,2026-07-08 13:45:00,7.37,7.38,7.36,7.37,12661000,93325708.0,5min
601398.SH,2026-07-08 13:50:00,7.37,7.38,7.37,7.37,3567967,26303738.0,5min
601398.SH,2026-07-08 13:55:00,7.37,7.37,7.36,7.37,4209233,31005541.0,5min
601398.SH,2026-07-08 14:00:00,7.36,7.38,7.36,7.38,5749112,42360506.0,5min
601398.SH,2026-07-08 14:05:00,7.38,7.38,7.37,7.37,3380100,24918420.0,5min
601398.SH,2026-07-08 14:10:00,7.37,7.38,7.37,7.38,2439300,17987112.0,5min
601398.SH,2026-07-08 14:15:00,7.37,7.38,7.37,7.38,3565200,26294005.0,5min
601398.SH,2026-07-08 14:20:00,7.38,7.38,7.37,7.37,4734400,34908427.0,5min
601398.SH,2026-07-08 14:25:00,7.37,7.38,7.37,7.37,3915593,28874987.0,5min
601398.SH,2026-07-08 14:30:00,7.37,7.38,7.37,7.37,5339600,39360100.0,5min
601398.SH,2026-07-08 14:35:00,7.38,7.38,7.37,7.38,5357000,39501838.0,5min
601398.SH,2026-07-08 14:40:00,7.37,7.38,7.37,7.37,4172900,30763303.0,5min
601398.SH,2026-07-08 14:45:00,7.37,7.38,7.37,7.37,5913800,43614717.0,5min
601398.SH,2026-07-08 14:50:00,7.37,7.38,7.36,7.37,12724825,93828571.0,5min
601398.SH,2026-07-08 14:55:00,7.36,7.37,7.36,7.36,9598600,70672171.0,5min
601398.SH,2026-07-08 15:00:00,7.36,7.38,7.36,7.37,11554661,85137039.0,5min
601398.SH,2026-07-09 09:35:00,7.33,7.33,7.28,7.3,37404305,273313818.0,5min
601398.SH,2026-07-09 09:40:00,7.28,7.3,7.26,7.27,22600260,164550985.0,5min
601398.SH,2026-07-09 09:45:00,7.27,7.27,7.24,7.26,25771400,186971751.0,5min
601398.SH,2026-07-09 09:50:00,7.26,7.31,7.26,7.3,19282600,140397135.0,5min
601398.SH,2026-07-09 09:55:00,7.3,7.3,7.25,7.27,13226300,96138949.0,5min
601398.SH,2026-07-09 10:00:00,7.27,7.28,7.26,7.28,7134500,51874091.0,5min
601398.SH,2026-07-09 10:05:00,7.27,7.29,7.27,7.29,8465900,61594409.0,5min
601398.SH,2026-07-09 10:10:00,7.29,7.31,7.28,7.31,6711845,49000524.0,5min
601398.SH,2026-07-09 10:15:00,7.31,7.32,7.27,7.28,9219500,67308570.0,5min
601398.SH,2026-07-09 10:20:00,7.29,7.29,7.26,7.26,8178200,59505419.0,5min
601398.SH,2026-07-09 10:25:00,7.27,7.27,7.25,7.26,7911100,57422906.0,5min
601398.SH,2026-07-09 10:30:00,7.26,7.26,7.24,7.26,8604200,62383466.0,5min
601398.SH,2026-07-09 10:35:00,7.25,7.27,7.24,7.25,5099500,36985717.0,5min
601398.SH,2026-07-09 10:40:00,7.25,7.28,7.25,7.28,3916401,28467064.0,5min
601398.SH,2026-07-09 10:45:00,7.27,7.28,7.26,7.27,4772300,34675862.0,5min
601398.SH,2026-07-09 10:50:00,7.27,7.29,7.26,7.27,3489400,25386219.0,5min
601398.SH,2026-07-09 10:55:00,7.28,7.31,7.26,7.3,9821200,71608436.0,5min
601398.SH,2026-07-09 11:00:00,7.3,7.31,7.29,7.3,4635645,33840149.0,5min
601398.SH,2026-07-09 11:05:00,7.29,7.3,7.28,7.29,5226555,38104125.0,5min
601398.SH,2026-07-09 11:10:00,7.29,7.3,7.27,7.29,4024100,29319020.0,5min
601398.SH,2026-07-09 11:15:00,7.28,7.31,7.28,7.3,4895400,35738377.0,5min
601398.SH,2026-07-09 11:20:00,7.31,7.32,7.3,7.31,5318100,38871780.0,5min
601398.SH,2026-07-09 11:25:00,7.31,7.31,7.28,7.28,3224300,23532259.0,5min
601398.SH,2026-07-09 11:30:00,7.28,7.29,7.27,7.28,3227100,23490909.0,5min
601398.SH,2026-07-09 13:05:00,7.28,7.3,7.28,7.28,5321900,38790306.0,5min
601398.SH,2026-07-09 13:10:00,7.29,7.3,7.28,7.3,3765300,27452224.0,5min
601398.SH,2026-07-09 13:15:00,7.29,7.3,7.27,7.27,5036300,36681618.0,5min
601398.SH,2026-07-09 13:20:00,7.28,7.29,7.27,7.28,4368000,31790909.0,5min
601398.SH,2026-07-09 13:25:00,7.28,7.28,7.26,7.27,3915100,28465373.0,5min
601398.SH,2026-07-09 13:30:00,7.27,7.28,7.26,7.28,6859500,49877885.0,5min
601398.SH,2026-07-09 13:35:00,7.26,7.28,7.26,7.26,7111300,51701941.0,5min
601398.SH,2026-07-09 13:40:00,7.26,7.27,7.25,7.26,7427500,53919696.0,5min
601398.SH,2026-07-09 13:45:00,7.25,7.26,7.25,7.26,7129500,51705525.0,5min
601398.SH,2026-07-09 13:50:00,7.26,7.26,7.25,7.25,6700400,48588305.0,5min
601398.SH,2026-07-09 13:55:00,7.25,7.26,7.25,7.25,4439900,32191948.0,5min
601398.SH,2026-07-09 14:00:00,7.25,7.26,7.24,7.25,7938400,57556997.0,5min
601398.SH,2026-07-09 14:05:00,7.24,7.26,7.24,7.25,9563700,69332106.0,5min
601398.SH,2026-07-09 14:10:00,7.25,7.25,7.24,7.25,6610000,47872029.0,5min
601398.SH,2026-07-09 14:15:00,7.24,7.25,7.23,7.24,9869900,71433664.0,5min
601398.SH,2026-07-09 14:20:00,7.23,7.25,7.23,7.24,5641900,40859095.0,5min
601398.SH,2026-07-09 14:25:00,7.25,7.26,7.24,7.26,6820989,49445875.0,5min
601398.SH,2026-07-09 14:30:00,7.25,7.26,7.24,7.26,6091126,44169295.0,5min
601398.SH,2026-07-09 14:35:00,7.25,7.26,7.25,7.25,4832900,35045676.0,5min
601398.SH,2026-07-09 14:40:00,7.25,7.28,7.25,7.27,12646762,91839289.0,5min
601398.SH,2026-07-09 14:45:00,7.27,7.28,7.27,7.27,8359500,60830116.0,5min
601398.SH,2026-07-09 14:50:00,7.28,7.28,7.27,7.28,8260300,60117923.0,5min
601398.SH,2026-07-09 14:55:00,7.29,7.29,7.26,7.27,13784419,100260426.0,5min
601398.SH,2026-07-09 15:00:00,7.28,7.28,7.27,7.27,9337751,67912487.0,5min
601398.SH,2026-07-10 09:35:00,7.24,7.29,7.23,7.25,38596823,279967554.0,5min
601398.SH,2026-07-10 09:40:00,7.25,7.28,7.25,7.27,10406300,75585442.0,5min
601398.SH,2026-07-10 09:45:00,7.27,7.29,7.25,7.27,21255636,154509013.0,5min
601398.SH,2026-07-10 09:50:00,7.27,7.28,7.26,7.27,13989500,101715003.0,5min
601398.SH,2026-07-10 09:55:00,7.26,7.27,7.24,7.24,15562650,112792046.0,5min
601398.SH,2026-07-10 10:00:00,7.25,7.28,7.24,7.28,21160240,153422796.0,5min
601398.SH,2026-07-10 10:05:00,7.27,7.3,7.26,7.27,14854945,108155765.0,5min
601398.SH,2026-07-10 10:10:00,7.27,7.29,7.25,7.28,9516800,69215132.0,5min
601398.SH,2026-07-10 10:15:00,7.28,7.29,7.27,7.28,10412900,75867888.0,5min
601398.SH,2026-07-10 10:20:00,7.28,7.28,7.27,7.27,8770700,63813476.0,5min
601398.SH,2026-07-10 10:25:00,7.28,7.29,7.27,7.29,6559000,47778009.0,5min
601398.SH,2026-07-10 10:30:00,7.3,7.3,7.28,7.28,3767900,27472332.0,5min
601398.SH,2026-07-10 10:35:00,7.29,7.32,7.28,7.31,11437700,83511244.0,5min
601398.SH,2026-07-10 10:40:00,7.3,7.31,7.29,7.29,5275700,38516722.0,5min
601398.SH,2026-07-10 10:45:00,7.29,7.31,7.29,7.31,3866400,28222868.0,5min
601398.SH,2026-07-10 10:50:00,7.3,7.31,7.29,7.29,4734800,34548402.0,5min
601398.SH,2026-07-10 10:55:00,7.29,7.3,7.29,7.29,1999509,14584517.0,5min
601398.SH,2026-07-10 11:00:00,7.29,7.3,7.27,7.28,10168291,74068126.0,5min
601398.SH,2026-07-10 11:05:00,7.28,7.31,7.28,7.3,8254145,60239383.0,5min
601398.SH,2026-07-10 11:10:00,7.3,7.32,7.3,7.3,5629700,41158806.0,5min
601398.SH,2026-07-10 11:15:00,7.31,7.31,7.29,7.29,3971700,28990359.0,5min
601398.SH,2026-07-10 11:20:00,7.3,7.3,7.29,7.3,2967700,21644568.0,5min
601398.SH,2026-07-10 11:25:00,7.29,7.3,7.29,7.29,2098900,15310875.0,5min
601398.SH,2026-07-10 11:30:00,7.3,7.32,7.29,7.31,6975990,50961434.0,5min
601398.SH,2026-07-10 13:05:00,7.31,7.32,7.3,7.31,6218500,45440513.0,5min
601398.SH,2026-07-10 13:10:00,7.3,7.32,7.3,7.31,5127200,37482744.0,5min
601398.SH,2026-07-10 13:15:00,7.31,7.32,7.3,7.31,5141300,37568459.0,5min
601398.SH,2026-07-10 13:20:00,7.31,7.32,7.3,7.31,4793400,35039823.0,5min
601398.SH,2026-07-10 13:25:00,7.31,7.31,7.28,7.29,9546800,69691938.0,5min
601398.SH,2026-07-10 13:30:00,7.28,7.29,7.27,7.28,9107106,66303171.0,5min
601398.SH,2026-07-10 13:35:00,7.28,7.28,7.27,7.27,4089294,29742063.0,5min
601398.SH,2026-07-10 13:40:00,7.27,7.28,7.27,7.28,3395000,24701923.0,5min
601398.SH,2026-07-10 13:45:00,7.27,7.28,7.26,7.27,7187306,52256572.0,5min
601398.SH,2026-07-10 13:50:00,7.27,7.28,7.27,7.28,2506900,18242854.0,5min
601398.SH,2026-07-10 13:55:00,7.28,7.3,7.27,7.3,4458190,32481569.0,5min
601398.SH,2026-07-10 14:00:00,7.29,7.3,7.29,7.29,2506600,18289659.0,5min
601398.SH,2026-07-10 14:05:00,7.29,7.29,7.28,7.28,3862700,28150179.0,5min
601398.SH,2026-07-10 14:10:00,7.28,7.3,7.28,7.3,6284100,45835652.0,5min
601398.SH,2026-07-10 14:15:00,7.3,7.31,7.29,7.3,5844200,42667442.0,5min
601398.SH,2026-07-10 14:20:00,7.29,7.3,7.29,7.29,4008000,29224096.0,5min
601398.SH,2026-07-10 14:25:00,7.3,7.3,7.28,7.29,3431758,25018636.0,5min
601398.SH,2026-07-10 14:30:00,7.29,7.31,7.29,7.31,7093700,51819468.0,5min
601398.SH,2026-07-10 14:35:00,7.31,7.32,7.3,7.31,9358000,68411377.0,5min
601398.SH,2026-07-10 14:40:00,7.3,7.31,7.3,7.3,4759200,34769280.0,5min
601398.SH,2026-07-10 14:45:00,7.31,7.31,7.3,7.31,9429200,68903704.0,5min
601398.SH,2026-07-10 14:50:00,7.31,7.32,7.3,7.31,12059535,88141223.0,5min
601398.SH,2026-07-10 14:55:00,7.31,7.32,7.3,7.31,13399124,97962678.0,5min
601398.SH,2026-07-10 15:00:00,7.32,7.33,7.3,7.33,20997200,153678612.0,5min
601398.SH,2026-07-13 09:35:00,7.31,7.34,7.29,7.32,30855495,225664005.0,5min
601398.SH,2026-07-13 09:40:00,7.33,7.37,7.33,7.37,30063901,221158636.0,5min
601398.SH,2026-07-13 09:45:00,7.37,7.39,7.36,7.38,32299073,238420635.0,5min
601398.SH,2026-07-13 09:50:00,7.38,7.42,7.37,7.42,29447800,217965910.0,5min
601398.SH,2026-07-13 09:55:00,7.41,7.42,7.4,7.42,13710800,101609285.0,5min
601398.SH,2026-07-13 10:00:00,7.41,7.42,7.41,7.41,9911100,73488804.0,5min
601398.SH,2026-07-13 10:05:00,7.42,7.44,7.41,7.44,21160522,157133754.0,5min
601398.SH,2026-07-13 10:10:00,7.43,7.47,7.43,7.47,33567770,250159651.0,5min
601398.SH,2026-07-13 10:15:00,7.46,7.48,7.44,7.44,42592200,317996644.0,5min
601398.SH,2026-07-13 10:20:00,7.45,7.47,7.44,7.46,9903700,73856360.0,5min
601398.SH,2026-07-13 10:25:00,7.46,7.49,7.46,7.48,33623300,251622940.0,5min
601398.SH,2026-07-13 10:30:00,7.48,7.49,7.46,7.46,15735084,117633054.0,5min
601398.SH,2026-07-13 10:35:00,7.46,7.47,7.44,7.47,10165616,75768965.0,5min
601398.SH,2026-07-13 10:40:00,7.47,7.49,7.46,7.49,14574175,108975226.0,5min
601398.SH,2026-07-13 10:45:00,7.49,7.49,7.48,7.49,6509900,48722809.0,5min
601398.SH,2026-07-13 10:50:00,7.49,7.49,7.48,7.48,7276500,54451253.0,5min
601398.SH,2026-07-13 10:55:00,7.49,7.49,7.47,7.48,6051400,45264928.0,5min
601398.SH,2026-07-13 11:00:00,7.47,7.49,7.47,7.49,14976802,112094291.0,5min
601398.SH,2026-07-13 11:05:00,7.5,7.5,7.49,7.5,6280600,47080491.0,5min
601398.SH,2026-07-13 11:10:00,7.5,7.5,7.49,7.5,7989700,59890754.0,5min
601398.SH,2026-07-13 11:15:00,7.5,7.5,7.49,7.5,6983618,52351696.0,5min
601398.SH,2026-07-13 11:20:00,7.49,7.5,7.49,7.49,9905500,74214726.0,5min
601398.SH,2026-07-13 11:25:00,7.49,7.5,7.48,7.5,7688825,57599321.0,5min
601398.SH,2026-07-13 11:30:00,7.5,7.5,7.48,7.49,6684390,50075285.0,5min
601398.SH,2026-07-13 13:05:00,7.5,7.5,7.49,7.5,15932510,119428914.0,5min
601398.SH,2026-07-13 13:10:00,7.5,7.5,7.49,7.49,5396400,40447587.0,5min
601398.SH,2026-07-13 13:15:00,7.5,7.52,7.49,7.52,25048780,188022818.0,5min
601398.SH,2026-07-13 13:20:00,7.52,7.52,7.5,7.5,8545800,64191684.0,5min
601398.SH,2026-07-13 13:25:00,7.51,7.51,7.5,7.51,8652400,64948924.0,5min
601398.SH,2026-07-13 13:30:00,7.5,7.51,7.5,7.51,5433345,40777695.0,5min
601398.SH,2026-07-13 13:35:00,7.5,7.51,7.47,7.47,8884355,66579074.0,5min
601398.SH,2026-07-13 13:40:00,7.47,7.51,7.47,7.5,10958600,82065970.0,5min
601398.SH,2026-07-13 13:45:00,7.5,7.5,7.48,7.5,3509400,26289012.0,5min
601398.SH,2026-07-13 13:50:00,7.49,7.5,7.48,7.5,4976800,37302732.0,5min
601398.SH,2026-07-13 13:55:00,7.5,7.5,7.49,7.5,5651300,42347390.0,5min
601398.SH,2026-07-13 14:00:00,7.49,7.5,7.49,7.49,3860000,28928828.0,5min
601398.SH,2026-07-13 14:05:00,7.49,7.5,7.49,7.5,4677400,35067521.0,5min
601398.SH,2026-07-13 14:10:00,7.49,7.51,7.49,7.51,9170886,68793890.0,5min
601398.SH,2026-07-13 14:15:00,7.51,7.52,7.5,7.5,11703663,87883621.0,5min
601398.SH,2026-07-13 14:20:00,7.5,7.51,7.49,7.5,6706300,50302489.0,5min
601398.SH,2026-07-13 14:25:00,7.51,7.51,7.5,7.5,5550400,41656415.0,5min
601398.SH,2026-07-13 14:30:00,7.5,7.52,7.5,7.51,10240103,76888428.0,5min
601398.SH,2026-07-13 14:35:00,7.52,7.52,7.51,7.51,11898633,89387326.0,5min
601398.SH,2026-07-13 14:40:00,7.52,7.52,7.5,7.51,8827728,66341266.0,5min
601398.SH,2026-07-13 14:45:00,7.52,7.53,7.51,7.53,23760861,178758155.0,5min
601398.SH,2026-07-13 14:50:00,7.52,7.53,7.52,7.53,14252956,107287289.0,5min
601398.SH,2026-07-13 14:55:00,7.53,7.53,7.52,7.53,16449223,123821114.0,5min
601398.SH,2026-07-13 15:00:00,7.53,7.54,7.52,7.53,12737900,95901401.0,5min
